1528164871.9401789,-121.74814605,38.53752899,600,141,1.30,2343.00
1528164872.4556234,-121.74814605,38.53752899,600,142,1.30,2343.00
1528164872.972276,-121.74814605,38.53752899,2400,143,1.30,2343.00
1528164873.4878685,-121.74814605,38.53752899,2400,144,1.30,2343.00
1528164873.9996793,-121.74814605,38.53752899,1900,145,1.30,2343.00
1528164874.5122676,-121.74814605,38.53752899,1900,145,1.30,2343.00
1528164875.0240808,-121.74814605,38.53752899,2300,145,1.30,2343.00
1528164875.5355747,-121.74814605,38.53752899,2300,146,1.30,2343.00
1528164876.0483112,-121.74814605,38.53752899,3000,148,1.30,2343.00
1528164876.5599039,-121.74814605,38.53752899,3000,156,1.30,2343.00
1528164877.0751607,-121.74814605,38.53752899,1800,-166,1.30,2343.00
1528164877.5881727,-121.74814605,38.53752899,1800,-120,1.30,2343.00
1528164878.1001077,-121.74814605,38.53753280,10700,-111,1.30,2343.00
1528164878.6154249,-121.74814605,38.53753280,10700,-115,1.30,2343.00
1528164879.1320734,-121.74813842,38.53753280,14100,-119,1.30,2343.00
1528164879.6438406,-121.74813842,38.53753280,14100,-120,1.30,2343.00
1528164880.160446,-121.74813079,38.53753662,14800,-123,1.30,2342.00
1528164880.6759295,-121.74813079,38.53753662,14800,-132,1.30,2342.00
1528164881.1923907,-121.74812316,38.53753662,15500,-132,2.61,2341.00
1528164881.7043283,-121.74812316,38.53753662,15500,-134,2.61,2341.00
1528164882.2197897,-121.74811553,38.53753280,15500,-134,2.61,2341.00
1528164882.7364123,-121.74811553,38.53753280,15500,-135,2.61,2341.00
1528164883.2483265,-121.74810028,38.53752899,15500,-139,2.61,2339.00
1528164883.7636626,-121.74809265,38.53752899,15500,-139,2.61,2339.00
1528164884.2767227,-121.74809265,38.53752899,15500,-140,2.61,2339.00
1528164884.7884388,-121.74808502,38.53752899,15500,-141,2.61,2338.00
1528164885.3036854,-121.74808502,38.53752899,15500,-141,2.61,2338.00
1528164885.8167706,-121.74807739,38.53752517,15500,-141,2.61,2337.00
1528164886.3282528,-121.74807739,38.53752517,7500,-141,2.61,2337.00
1528164886.8397846,-121.74807739,38.53752517,6800,-142,2.61,2337.00
1528164887.3527434,-121.74807739,38.53752517,6800,-145,2.61,2337.00
1528164887.864014,-121.74806976,38.53752136,6100,-150,2.61,2337.00
1528164888.3804846,-121.74806976,38.53752136,6100,-151,2.61,2337.00
1528164888.8922243,-121.74806976,38.53752136,5400,-153,2.61,2337.00
1528164889.403975,-121.74806976,38.53752136,5400,-156,2.61,2337.00
1528164889.9158738,-121.74806213,38.53752136,5200,-157,2.61,2336.00
1528164890.4325197,-121.74806213,38.53752136,5200,-158,2.61,2336.00
1528164890.9442604,-121.74806213,38.53752136,4700,-158,2.61,2336.00
1528164891.4595392,-121.74806213,38.53752136,4700,-158,2.61,2336.00
1528164891.972746,-121.74806213,38.53752136,4300,-158,2.61,2336.00
1528164892.4843159,-121.74806213,38.53751754,4300,-154,2.61,2336.00
1528164892.9995773,-121.74806213,38.53751754,4500,-127,2.61,2336.00
1528164893.5127938,-121.74805450,38.53751754,4500,-119,1.96,2335.00
1528164894.0243976,-121.74805450,38.53751754,4300,-118,1.96,2335.00
1528164894.5396917,-121.74805450,38.53751754,4000,-139,1.96,2335.00
1528164895.0517204,-121.74805450,38.53751754,4000,-149,1.96,2335.00
1528164895.5687466,-121.74805450,38.53751754,4000,-118,1.96,2335.00
1528164896.080236,-121.74805450,38.53751754,4000,-142,1.96,2335.00
1528164896.596733,-121.74804687,38.53751754,5300,-169,4.56,2335.00
1528164897.1085694,-121.74804687,38.53751754,5300,-179,4.56,2335.00
1528164897.6238868,-121.74804687,38.53751373,5100,-166,4.56,2335.00
1528164898.1357102,-121.74804687,38.53751373,5100,-149,4.56,2335.00
1528164898.6486576,-121.74804687,38.53751373,4600,-140,4.56,2335.00
1528164899.1654873,-121.74804687,38.53751373,4600,-133,4.56,2335.00
1528164899.6807034,-121.74803924,38.53751373,4400,-134,3.91,2334.00
1528164900.192643,-121.74803924,38.53751373,4400,-131,3.91,2334.00
1528164900.7079396,-121.74803924,38.53751373,4400,-128,3.91,2334.00
1528164901.219758,-121.74803924,38.53751373,4400,-129,3.91,2334.00
1528164901.7329803,-121.74803924,38.53751373,5100,-128,3.91,2334.00
1528164902.2481637,-121.74803924,38.53751373,5100,-126,3.91,2334.00
1528164902.7600818,-121.74803161,38.53751373,6000,-114,3.91,2333.00
1528164903.2729266,-121.74803161,38.53751373,6000,-114,3.91,2333.00
1528164903.7845361,-121.74803161,38.53750610,8700,-117,3.91,2334.00
1528164904.2959464,-121.74803161,38.53750610,8700,-123,3.91,2334.00
1528164904.8124359,-121.74802398,38.53750228,10800,-123,3.91,2333.00
1528164905.3278296,-121.74802398,38.53750228,10800,-123,3.91,2333.00
1528164905.8410132,-121.74801635,38.53750228,11400,-123,3.26,2332.00
1528164906.3565092,-121.74801635,38.53750228,11400,-123,3.26,2332.00
1528164906.8720326,-121.74801635,38.53750228,11700,-125,3.26,2332.00
1528164907.3885407,-121.74800872,38.53749847,11700,-133,3.26,2332.00
1528164907.900635,-121.74800872,38.53749847,11700,-146,3.26,2332.00
1528164908.417199,-121.74800109,38.53749465,11700,-139,3.26,2331.00
1528164908.932746,-121.74800109,38.53749465,11700,-137,3.26,2331.00
1528164909.4445336,-121.74799346,38.53749465,11700,-125,3.26,2330.00
1528164909.9573255,-121.74799346,38.53749465,9700,-116,3.26,2330.00
1528164910.4725797,-121.74799346,38.53749465,9700,-119,3.26,2330.00
1528164910.984498,-121.74798583,38.53749465,9700,-129,3.26,2330.00
1528164911.5009563,-121.74798583,38.53749465,9700,-124,3.26,2330.00
1528164912.0129893,-121.74798583,38.53749465,10400,-123,3.26,2330.00
1528164912.5322678,-121.74798583,38.53749465,10400,-123,3.26,2330.00
1528164913.0446134,-121.74797821,38.53749465,11700,-139,3.26,2329.00
1528164913.561251,-121.74797821,38.53749465,11700,-136,3.26,2329.00
1528164914.073364,-121.74797058,38.53749084,11600,-132,3.26,2328.00
1528164914.5885348,-121.74797058,38.53749084,11600,-131,3.26,2328.00
1528164915.1051197,-121.74796295,38.53748703,10300,-131,4.56,2328.00
1528164915.6170287,-121.74796295,38.53748703,10300,-132,4.56,2328.00
1528164916.1286182,-121.74795532,38.53748703,8900,-131,4.56,2327.00
1528164916.6451263,-121.74795532,38.53748703,8900,-132,4.56,2327.00
1528164917.157264,-121.74795532,38.53748703,7600,-136,4.56,2327.00
1528164917.6724498,-121.74795532,38.53748703,7600,-136,4.56,2327.00
1528164918.1856031,-121.74794769,38.53748703,6400,-136,4.56,2326.00
1528164918.7009468,-121.74794769,38.53748703,6400,-132,4.56,2326.00
1528164919.2135193,-121.74794769,38.53748703,5800,-133,4.56,2326.00
1528164919.7245936,-121.74793243,38.53748321,5800,-136,4.56,2326.00
1528164920.241171,-121.74793243,38.53748321,5800,-136,4.56,2325.00
1528164920.7532525,-121.74793243,38.53748321,5800,-136,4.56,2325.00
1528164921.2646394,-121.74793243,38.53748321,5400,-132,3.91,2325.00
1528164921.781202,-121.74793243,38.53748321,5400,-128,3.91,2325.00
1528164922.2977781,-121.74793243,38.53748321,5100,-122,3.91,2325.00
1528164922.8095808,-121.74792480,38.53748321,5700,-120,3.91,2324.00
1528164923.3212223,-121.74792480,38.53748321,5700,-120,3.91,2324.00
1528164923.8338516,-121.74792480,38.53748321,5700,-124,3.91,2324.00
1528164924.345347,-121.74792480,38.53748321,8100,-133,3.26,2324.00
1528164924.8605464,-121.74791717,38.53748321,9800,-132,3.26,2324.00
1528164925.373535,-121.74791717,38.53748321,9800,-123,3.26,2324.00
1528164925.8853526,-121.74790954,38.53747940,9800,-125,3.26,2323.00
1528164926.3972726,-121.74790954,38.53747940,9400,-124,3.26,2323.00
1528164926.9089925,-121.74790191,38.53747940,9500,-118,3.26,2322.00
1528164927.4254317,-121.74790191,38.53747940,9500,-115,2.61,2322.00
1528164927.9371524,-121.74790191,38.53747940,11800,-116,2.61,2322.00
1528164928.4537697,-121.74790191,38.53747940,11800,-114,2.61,2322.00
1528164928.9694252,-121.74789428,38.53747558,14500,-114,2.61,2322.00
1528164929.4857516,-121.74789428,38.53747558,14500,-113,2.61,2322.00
1528164929.997868,-121.74788665,38.53747177,17700,-113,2.61,2321.00
1528164930.5133278,-121.74788665,38.53747177,17700,-112,4.56,2321.00
1528164931.0299973,-121.74787902,38.53746414,17700,-113,4.56,2321.00
1528164931.5457437,-121.74787902,38.53746414,20100,-113,4.56,2321.00
1528164932.0612314,-121.74786376,38.53746032,20300,-113,4.56,2319.00
1528164932.5737283,-121.74786376,38.53746032,20300,-121,4.56,2319.00
1528164933.0893505,-121.74785614,38.53745269,20300,-123,4.56,2319.00
1528164933.6014252,-121.74785614,38.53745269,20300,-116,3.91,2319.00
1528164934.114222,-121.74784851,38.53744888,19400,-115,3.91,2318.00
1528164934.6298146,-121.74784851,38.53744888,19400,-116,3.91,2318.00
1528164935.146254,-121.74784088,38.53744506,19500,-116,3.91,2317.00
1528164935.662086,-121.74784088,38.53744506,19500,-119,3.91,2317.00
1528164936.1737916,-121.74782562,38.53744125,18900,-123,3.91,2316.00
1528164936.686639,-121.74782562,38.53744125,18900,-129,3.91,2316.00
1528164937.2023761,-121.74782562,38.53743743,18900,-135,3.91,2316.00
1528164937.7177038,-121.74782562,38.53743743,18900,-135,3.91,2316.00
1528164938.234452,-121.74781036,38.53743362,15900,-133,3.91,2315.00
1528164938.7463636,-121.74780273,38.53742980,15900,-132,3.91,2315.00
1528164939.2578857,-121.74780273,38.53742980,15900,-130,3.91,2314.00
1528164939.7733436,-121.74780273,38.53742218,15900,-128,3.91,2314.00
1528164940.2865074,-121.74780273,38.53742218,15900,-119,3.91,2314.00
1528164940.801863,-121.74779510,38.53742218,15900,-119,3.91,2314.00
1528164941.3136826,-121.74779510,38.53742218,12500,-119,3.91,2314.00
1528164941.8295698,-121.74778747,38.53741836,12500,-119,3.91,2313.00
1528164942.3425639,-121.74778747,38.53741836,13300,-118,3.91,2313.00
1528164942.854448,-121.74777221,38.53741455,14500,-119,3.91,2312.00
1528164943.3708189,-121.74777221,38.53741455,14500,-120,3.91,2312.00
1528164943.8824396,-121.74776458,38.53741455,15000,-120,3.91,2311.00
1528164944.3980272,-121.74776458,38.53741455,15000,-127,3.91,2311.00
1528164944.9097447,-121.74775695,38.53741455,15500,-146,3.91,2310.00
1528164945.4262958,-121.74775695,38.53741455,15500,-152,3.91,2310.00
1528164945.9380312,-121.74774932,38.53741073,15500,-151,2.61,2310.00
1528164946.4561305,-121.74774932,38.53741073,15500,-151,2.61,2310.00
1528164946.966619,-121.74774169,38.53740692,12000,-151,2.61,2309.00
1528164947.4820528,-121.74774169,38.53740692,12000,-151,2.61,2309.00
1528164947.9987507,-121.74773406,38.53740692,10600,-151,2.61,2308.00
1528164948.5143259,-121.74773406,38.53740692,10600,-151,2.61,2308.00
1528164949.0260143,-121.74773406,38.53740692,9500,-152,2.61,2308.00
1528164949.5392854,-121.74773406,38.53740692,9500,-158,2.61,2308.00
1528164950.0507784,-121.74772644,38.53740310,8300,180,2.61,2308.00
1528164950.562389,-121.74772644,38.53740310,8300,165,2.61,2308.00
1528164951.0741978,-121.74772644,38.53740310,8300,164,2.61,2308.00
1528164951.5858598,-121.74772644,38.53740310,5900,165,2.61,2308.00
1528164952.097785,-121.74772644,38.53740310,4200,164,1.96,2308.00
1528164952.6105201,-121.74772644,38.53740310,4200,165,1.96,2308.00
1528164953.1224353,-121.74771881,38.53740310,3000,164,1.96,2307.00
1528164953.6341186,-121.74771881,38.53740310,3000,165,1.96,2307.00
1528164954.1494882,-121.74771881,38.53740692,4800,165,1.96,2307.00
1528164954.6627412,-121.74771881,38.53740692,4800,165,1.96,2307.00
1528164955.17812,-121.74772644,38.53740692,4300,165,1.96,2308.00
1528164955.694837,-121.74772644,38.53740692,4300,165,1.96,2308.00
1528164956.2105572,-121.74772644,38.53740692,4500,165,1.96,2308.00
1528164956.7222362,-121.74772644,38.53741073,4500,164,1.96,2308.00
1528164957.2391238,-121.74772644,38.53741073,4500,165,1.96,2308.00
1528164957.754553,-121.74772644,38.53741455,4500,164,1.96,2308.00
1528164958.2710042,-121.74772644,38.53741455,4500,164,1.30,2308.00
1528164958.7859836,-121.74772644,38.53741455,4500,164,1.30,2308.00
1528164959.2992861,-121.74772644,38.53741455,4500,164,1.30,2308.00
1528164959.8146613,-121.74772644,38.53741455,3200,163,1.30,2308.00
1528164960.3313253,-121.74772644,38.53741455,3200,160,1.30,2308.00
1528164960.8467808,-121.74772644,38.53741455,3200,138,1.30,2308.00
1528164961.3622746,-121.74772644,38.53741455,3600,103,1.30,2308.00
1528164961.8755372,-121.74772644,38.53741836,3600,94,1.30,2308.00
1528164962.3870337,-121.74772644,38.53741836,4100,94,1.30,2308.00
1528164962.9022448,-121.74772644,38.53742218,5000,94,1.30,2308.00
1528164963.4154258,-121.74772644,38.53742218,5000,94,1.30,2308.00
1528164963.9312596,-121.74773406,38.53742218,4700,93,1.30,2308.00
1528164964.442568,-121.74773406,38.53742218,4700,93,1.30,2308.00
1528164964.9592526,-121.74773406,38.53742218,5500,93,1.30,2308.00
1528164965.4708784,-121.74773406,38.53742218,5500,93,1.30,2308.00
1528164965.9873755,-121.74774169,38.53742980,5500,93,1.30,2309.00
1528164966.4992747,-121.74774169,38.53742980,5400,92,1.30,2309.00
1528164967.0110524,-121.74774169,38.53742980,6000,85,1.30,2309.00
1528164967.5226493,-121.74774169,38.53742980,6000,65,1.30,2309.00
1528164968.0393548,-121.74774169,38.53743362,6100,57,1.30,2309.00
1528164968.551058,-121.74774169,38.53743362,6100,57,1.30,2309.00
1528164969.0675876,-121.74774932,38.53743362,6300,57,1.30,2310.00
1528164969.5796452,-121.74774932,38.53743362,6300,57,1.30,2310.00
1528164970.0946708,-121.74774932,38.53743743,6400,57,1.30,2309.00
1528164970.6077135,-121.74774932,38.53743743,6400,57,1.96,2309.00
1528164971.1232083,-121.74775695,38.53743743,5900,57,1.96,2310.00
1528164971.6348872,-121.74775695,38.53743743,5900,57,1.96,2310.00
1528164972.1517923,-121.74775695,38.53744125,5600,57,1.96,2310.00
1528164972.663746,-121.74775695,38.53744125,5600,57,1.96,2310.00
1528164973.1791914,-121.74775695,38.53744125,5700,57,1.96,2310.00
1528164973.691066,-121.74775695,38.53744125,5700,57,1.96,2310.00
1528164974.2031078,-121.74776458,38.53744506,5700,57,1.96,2311.00
1528164974.719291,-121.74776458,38.53744506,5700,57,1.96,2311.00
1528164975.2314866,-121.74776458,38.53744506,5500,57,1.96,2311.00
1528164975.7478657,-121.74776458,38.53744506,5500,58,1.96,2311.00
1528164976.2632384,-121.74776458,38.53744888,5800,58,1.96,2311.00
1528164976.7750142,-121.74777221,38.53744888,5800,58,1.30,2311.00
1528164977.2869437,-121.74777221,38.53744888,5800,58,1.30,2311.00
1528164977.803399,-121.74777221,38.53745269,5800,58,1.30,2311.00
1528164978.315275,-121.74777221,38.53745269,6500,58,1.30,2311.00
1528164978.8320386,-121.74777221,38.53745269,6500,58,1.30,2311.00
1528164979.3437612,-121.74777221,38.53745269,6200,58,1.30,2311.00
1528164979.858834,-121.74778747,38.53745651,6200,58,1.30,2313.00
1528164980.3715851,-121.74778747,38.53745651,6200,58,1.30,2313.00
1528164980.8868861,-121.74778747,38.53745651,6200,58,1.30,2313.00
1528164981.400073,-121.74778747,38.53745651,5900,58,1.30,2313.00
1528164981.9118097,-121.74778747,38.53746032,6200,58,1.30,2313.00
1528164982.4270573,-121.74778747,38.53746032,6200,58,1.30,2313.00
1528164982.940116,-121.74779510,38.53746414,5800,58,0.65,2313.00
1528164983.4555342,-121.74779510,38.53746414,5800,58,0.65,2313.00
1528164983.9673939,-121.74779510,38.53746414,5600,58,0.65,2313.00
1528164984.4839327,-121.74779510,38.53746414,5600,58,0.65,2313.00
1528164984.9956791,-121.74779510,38.53746414,6200,58,0.65,2313.00
1528164985.5072916,-121.74779510,38.53746414,6200,58,0.65,2313.00
1528164986.0240164,-121.74780273,38.53746795,6200,58,1.30,2314.00
1528164986.5392554,-121.74780273,38.53746795,6800,58,1.30,2314.00
1528164987.0510876,-121.74780273,38.53746795,7200,58,1.30,2314.00
1528164987.5679564,-121.74780273,38.53746795,7200,58,1.30,2314.00
1528164988.0796776,-121.74781036,38.53747177,7500,58,1.30,2315.00
1528164988.591624,-121.74781036,38.53747177,7500,61,1.30,2315.00
1528164989.108187,-121.74781036,38.53747177,7800,72,1.30,2315.00
1528164989.6198547,-121.74781036,38.53747177,7800,82,1.30,2315.00
1528164990.1363978,-121.74781799,38.53747558,8200,83,1.30,2315.00
1528164990.6519592,-121.74781799,38.53747558,8200,83,1.30,2315.00
1528164991.1637838,-121.74781799,38.53747940,8300,83,1.30,2315.00
1528164991.6755075,-121.74781799,38.53747940,8300,83,1.30,2315.00
1528164992.192168,-121.74782562,38.53747940,8300,83,1.30,2316.00
1528164992.7035592,-121.74782562,38.53747940,8300,83,1.30,2316.00
1528164993.220445,-121.74782562,38.53747940,8300,83,1.30,2316.00
1528164993.7321875,-121.74782562,38.53748321,8300,82,1.30,2316.00
1528164994.2477055,-121.74782562,38.53748321,8300,83,1.30,2316.00
1528164994.7596536,-121.74783325,38.53748703,8300,83,1.30,2316.00
1528164995.2759078,-121.74783325,38.53748703,8300,83,1.30,2316.00
1528164995.789914,-121.74784088,38.53748703,8300,83,1.30,2317.00
1528164996.2999518,-121.74784088,38.53748703,8300,83,1.30,2317.00
1528164996.8165448,-121.74784088,38.53748703,8300,83,1.30,2317.00
1528164997.3284166,-121.74784088,38.53748703,8300,83,1.30,2317.00
1528164997.8436785,-121.74784851,38.53749084,8300,83,1.30,2318.00
1528164998.3560722,-121.74784851,38.53749084,8600,83,0.65,2318.00
1528164998.8678205,-121.74785614,38.53749084,8900,83,0.65,2318.00
1528164999.3807652,-121.74785614,38.53749084,8900,83,0.65,2318.00
1528164999.8959618,-121.74785614,38.53749084,9100,83,0.65,2318.00
1528165000.4125898,-121.74785614,38.53749084,9100,83,0.65,2318.00
1528165000.9246175,-121.74786376,38.53749084,9100,83,0.65,2319.00
1528165001.443683,-121.74786376,38.53749084,9100,83,1.30,2319.00
1528165001.9531415,-121.74787139,38.53749465,8800,83,1.30,2320.00
1528165002.4643018,-121.74787139,38.53749465,8800,83,1.30,2320.00
1528165002.9801254,-121.74787139,38.53749465,8800,85,1.30,2320.00
1528165003.4933271,-121.74787139,38.53749465,8800,85,1.30,2320.00
1528165004.008656,-121.74787902,38.53749465,9000,86,1.30,2320.00
1528165004.5201602,-121.74787902,38.53749465,9000,86,0.65,2320.00
1528165005.0369384,-121.74788665,38.53749465,9300,86,0.65,2321.00
1528165005.5522013,-121.74788665,38.53749465,9300,86,0.65,2321.00
1528165006.0639892,-121.74788665,38.53749465,10300,86,0.65,2321.00
1528165006.5770228,-121.74788665,38.53749465,10300,86,0.65,2321.00
1528165007.092494,-121.74790191,38.53749465,10700,97,0.65,2322.00
1528165007.6092696,-121.74790191,38.53749465,10700,98,1.96,2322.00
1528165008.1250067,-121.74790191,38.53749465,11400,98,1.96,2322.00
1528165008.641968,-121.74790191,38.53749465,11400,103,1.96,2322.00
1528165009.1573107,-121.74790954,38.53749465,12400,116,1.96,2323.00
1528165009.6730974,-121.74790954,38.53749465,12400,123,1.96,2323.00
1528165010.1886728,-121.74791717,38.53749465,13500,124,1.96,2324.00
1528165010.705463,-121.74792480,38.53749465,13500,124,2.61,2324.00
1528165011.2220972,-121.74792480,38.53749465,14600,123,2.61,2324.00
1528165011.7378166,-121.74792480,38.53749465,14600,135,2.61,2324.00
1528165012.2568986,-121.74793243,38.53749465,14600,146,2.61,2325.00
1528165012.7739973,-121.74795532,38.53749084,14600,146,2.61,2327.00
1528165013.2895744,-121.74795532,38.53749084,17500,146,2.61,2327.00
1528165013.8014376,-121.74796295,38.53748703,17500,146,3.26,2328.00
1528165014.3174539,-121.74796295,38.53748703,15200,148,3.26,2328.00
1528165014.834269,-121.74797058,38.53748703,15200,148,3.26,2328.00
1528165015.3496904,-121.74797058,38.53748703,12500,141,3.26,2328.00
1528165015.8699043,-121.74797058,38.53748703,12500,118,3.26,2328.00
1528165016.3857176,-121.74797058,38.53748703,10400,98,3.26,2328.00
1528165016.8975391,-121.74797821,38.53748321,9900,98,3.91,2329.00
1528165017.4095967,-121.74797821,38.53748321,9900,95,3.91,2329.00
1528165017.9263744,-121.74798583,38.53748321,11700,93,3.91,2330.00
1528165018.4415922,-121.74798583,38.53748321,11700,92,3.91,2330.00
1528165018.9587836,-121.74799346,38.53748703,11100,91,3.91,2330.00
1528165019.4737437,-121.74799346,38.53748703,11100,92,3.91,2330.00
1528165019.985748,-121.74800109,38.53748703,10200,92,3.26,2331.00
1528165020.5027785,-121.74800109,38.53748703,10200,92,3.26,2331.00
1528165021.0181162,-121.74800109,38.53748703,8800,92,3.26,2331.00
1528165021.529988,-121.74800109,38.53748703,8800,92,3.26,2331.00
1528165022.0421753,-121.74800872,38.53748703,7700,92,3.26,2332.00
1528165022.5577905,-121.74800872,38.53748703,7700,92,3.26,2332.00
1528165023.0706792,-121.74800872,38.53748703,6500,91,1.96,2332.00
1528165023.5866795,-121.74800872,38.53748703,6500,92,1.96,2332.00
1528165024.0993495,-121.74801635,38.53748703,5800,92,1.96,2332.00
1528165024.6144547,-121.74801635,38.53748703,5800,92,1.96,2332.00
1528165025.1271307,-121.74801635,38.53749084,5600,92,1.96,2332.00
1528165025.6426609,-121.74801635,38.53749084,5600,92,1.96,2332.00
1528165026.1541867,-121.74801635,38.53749084,5100,92,1.96,2332.00
1528165026.6710107,-121.74801635,38.53749084,5100,92,1.96,2332.00
1528165027.18223,-121.74801635,38.53749084,5000,92,1.96,2332.00
1528165027.6989748,-121.74802398,38.53749465,5000,89,1.96,2332.00
1528165028.2109053,-121.74802398,38.53749465,5000,86,1.96,2333.00
1528165028.7225032,-121.74802398,38.53749465,5000,76,1.96,2333.00
1528165029.2391126,-121.74802398,38.53749465,5000,70,1.30,2333.00
1528165029.7506356,-121.74803161,38.53749465,5000,70,1.30,2333.00
1528165030.2660909,-121.74803161,38.53749465,5000,65,1.30,2334.00
1528165030.7829485,-121.74803161,38.53749847,5000,59,1.30,2334.00
1528165031.2949414,-121.74803161,38.53749847,6600,57,1.30,2334.00
1528165031.8061118,-121.74803924,38.53749847,6600,53,1.30,2334.00
1528165032.3229432,-121.74803924,38.53749847,7000,53,1.96,2334.00
1528165032.8345544,-121.74803924,38.53750228,7100,54,1.96,2334.00
1528165033.3501658,-121.74803924,38.53750228,7100,56,1.96,2334.00
1528165033.863538,-121.74804687,38.53750228,7400,56,1.96,2335.00
1528165034.3784811,-121.74804687,38.53750228,7400,56,1.96,2335.00
1528165034.8904097,-121.74804687,38.53750228,6800,57,1.96,2335.00
1528165035.4069955,-121.74804687,38.53750228,6800,56,1.96,2335.00
1528165035.918871,-121.74805450,38.53750228,6800,56,1.96,2336.00
1528165036.4303877,-121.74805450,38.53750228,6800,57,1.96,2336.00
1528165036.946944,-121.74805450,38.53750228,6300,56,1.96,2336.00
1528165037.4588478,-121.74805450,38.53750228,6300,57,1.96,2336.00
1528165037.9754257,-121.74806213,38.53750610,5600,56,1.96,2336.00
1528165038.4872522,-121.74806213,38.53750610,5600,56,1.30,2336.00
1528165039.002573,-121.74806213,38.53750610,5900,56,1.30,2336.00
1528165039.5145319,-121.74806213,38.53750610,5900,57,1.30,2336.00
1528165040.02732,-121.74806213,38.53751373,6500,63,1.30,2336.00
1528165040.5428197,-121.74806213,38.53751373,6500,66,1.30,2336.00
1528165041.0592842,-121.74806213,38.53751373,7200,67,1.30,2336.00
1528165041.571325,-121.74806213,38.53751373,7200,71,2.61,2336.00
1528165042.087116,-121.74806976,38.53751373,8400,75,2.61,2337.00
1528165042.600164,-121.74806976,38.53751373,8400,76,2.61,2337.00
1528165043.111405,-121.74807739,38.53751754,7900,76,2.61,2337.00
1528165043.6267586,-121.74807739,38.53751754,7900,76,2.61,2337.00
1528165044.1396356,-121.74807739,38.53752136,6800,66,2.61,2337.00
1528165044.6549623,-121.74807739,38.53752136,6800,44,2.61,2337.00
1528165045.1717196,-121.74807739,38.53752136,6800,42,2.61,2337.00
1528165045.6832447,-121.74807739,38.53752136,6800,46,2.61,2337.00
1528165046.1952899,-121.74808502,38.53752517,8200,48,2.61,2338.00
1528165046.7106209,-121.74808502,38.53752899,8200,49,2.61,2338.00
1528165047.2288272,-121.74808502,38.53752899,8200,55,2.61,2338.00
1528165047.735529,-121.74809265,38.53752899,8200,54,3.91,2338.00
1528165048.2509396,-121.74809265,38.53752899,8200,54,3.91,2339.00
1528165048.767459,-121.74810028,38.53753280,8200,55,3.91,2339.00
1528165049.279388,-121.74810028,38.53753280,11900,55,3.91,2339.00
1528165049.7960577,-121.74810028,38.53753280,11900,52,3.91,2339.00
1528165050.311422,-121.74810028,38.53753280,11400,54,3.91,2339.00
1528165050.8281186,-121.74811553,38.53753662,11400,54,3.91,2341.00
1528165051.3402472,-121.74811553,38.53753662,11100,56,3.91,2341.00
1528165051.855822,-121.74812316,38.53753662,10700,57,3.91,2341.00
1528165052.373231,-121.74812316,38.53753662,10700,57,3.91,2341.00
1528165052.8877184,-121.74812316,38.53754043,10700,57,3.91,2341.00
1528165053.399344,-121.74812316,38.53754043,10700,62,3.91,2341.00
1528165053.9163473,-121.74813079,38.53754425,10800,64,3.91,2342.00
1528165054.42829,-121.74813079,38.53754425,10800,66,3.91,2342.00
1528165054.943623,-121.74813842,38.53754425,10000,67,3.91,2343.00
1528165055.4603236,-121.74813842,38.53754425,10000,67,3.91,2343.00
1528165055.9756958,-121.74813842,38.53754425,10000,67,3.91,2343.00
1528165056.4923816,-121.74813842,38.53754425,10000,67,3.91,2343.00
1528165057.0040147,-121.74814605,38.53754806,8800,68,3.26,2343.00
1528165057.5199802,-121.74814605,38.53754806,8800,67,3.26,2343.00
1528165058.03266,-121.74814605,38.53754806,7700,67,3.26,2343.00
1528165058.5444715,-121.74814605,38.53754806,7700,67,3.26,2343.00
1528165059.0593967,-121.74815368,38.53754806,7300,67,3.26,2344.00
1528165059.5724823,-121.74815368,38.53754806,7300,67,3.26,2344.00
1528165060.0878336,-121.74816131,38.53755187,6300,67,2.61,2345.00
1528165060.6000435,-121.74816131,38.53755187,6300,67,2.61,2345.00
1528165061.1166406,-121.74816131,38.53755187,6000,67,2.61,2345.00
1528165061.6283507,-121.74816131,38.53755187,6000,67,2.61,2345.00
1528165062.1405,-121.74816131,38.53755187,5000,67,2.61,2345.00
1528165062.6568499,-121.74816894,38.53755187,5000,67,2.61,2345.00
1528165063.168505,-121.74816894,38.53755187,5000,67,1.96,2345.00
1528165063.6836402,-121.74816894,38.53755187,5000,67,1.96,2345.00
1528165064.2002883,-121.74816894,38.53755187,4800,67,1.96,2345.00
1528165064.7123342,-121.74816894,38.53755187,4800,66,1.96,2345.00
1528165065.2247868,-121.74816894,38.53755187,4800,67,1.96,2345.00
1528165065.740942,-121.74816894,38.53755569,4800,67,1.96,2345.00
1528165066.2524703,-121.74816894,38.53755569,4100,67,0.65,2345.00
1528165066.7643673,-121.74817657,38.53755569,4100,67,0.65,2345.00
1528165067.276112,-121.74817657,38.53755569,4100,67,0.65,2346.00
1528165067.7839935,-121.74817657,38.53755950,4100,67,0.65,2346.00
1528165068.2966902,-121.74817657,38.53755950,1800,67,0.65,2346.00
1528165068.8081076,-121.74817657,38.53755950,1800,67,0.65,2346.00
1528165069.3195083,-121.74817657,38.53755950,1500,67,1.30,2346.00
1528165069.832135,-121.74817657,38.53755950,1700,67,1.30,2346.00
1528165070.344966,-121.74817657,38.53755950,1700,67,1.30,2346.00
1528165070.8605049,-121.74817657,38.53755950,1700,65,1.30,2346.00
1528165071.3724062,-121.74817657,38.53755950,1700,59,1.30,2346.00
1528165071.8839417,-121.74817657,38.53755950,900,59,1.30,2346.00
1528165072.396661,-121.74817657,38.53755950,900,59,0.65,2346.00
1528165072.9119446,-121.74817657,38.53755950,2100,59,0.65,2346.00
1528165073.423893,-121.74817657,38.53755950,2100,55,0.65,2346.00
1528165073.9365134,-121.74817657,38.53755950,3100,51,0.65,2346.00
1528165074.452233,-121.74817657,38.53755950,3100,40,0.65,2346.00
1528165074.9676533,-121.74817657,38.53756332,3600,18,0.65,2346.00
1528165075.4807901,-121.74817657,38.53756332,3600,-5,0.65,2346.00
1528165075.9960747,-121.74817657,38.53756332,3600,-23,0.65,2346.00
1528165076.50763,-121.74817657,38.53756332,4000,-24,0.65,2346.00
1528165077.019783,-121.74817657,38.53756713,4900,-34,0.65,2346.00
1528165077.5325735,-121.74817657,38.53756713,4900,-45,0.65,2346.00
1528165078.0445244,-121.74817657,38.53756713,5700,-46,0.65,2346.00
1528165078.5566025,-121.74817657,38.53756713,5700,-48,1.96,2346.00
1528165079.0680876,-121.74817657,38.53757095,6500,-48,1.96,2346.00
1528165079.5797508,-121.74817657,38.53757095,6500,-48,1.96,2346.00
1528165080.093125,-121.74816894,38.53757476,7600,-48,1.96,2345.00
1528165080.6043558,-121.74816894,38.53757476,7600,-53,1.96,2345.00
1528165081.115527,-121.74816894,38.53757858,9300,-56,1.96,2345.00
1528165081.6275563,-121.74816894,38.53757858,9300,-62,2.61,2345.00
1528165082.140554,-121.74816894,38.53758239,9200,-75,2.61,2345.00
1528165082.6518807,-121.74816894,38.53758239,9200,-74,2.61,2345.00
1528165083.1647952,-121.74816894,38.53758621,7900,-74,2.61,2345.00
1528165083.6800883,-121.74816894,38.53758621,7900,-74,2.61,2345.00
1528165084.1918056,-121.74816131,38.53759384,7900,-74,2.61,2344.00
1528165084.7036624,-121.74816131,38.53759384,7900,-75,3.26,2344.00
1528165085.2166069,-121.74816131,38.53759384,7900,-76,3.26,2344.00
1528165085.7285533,-121.74816131,38.53759765,7900,-82,3.26,2344.00
1528165100.6613111,-121.74812316,8.53759384,7800,126,0.00,"not reached
"
1528165102.1650476,-121.74813079,38.53758621,9000,126,0.00,"not reached
"
1528165102.7094522,-121.74813842,38.53758239,9000,126,0.00,"not reached
"
1528165103.249808,-121.74813842,38.53758239,9100,125,0.00,"not reached
"
1528165103.7945511,-121.74813842,38.53758239,9200,116,0.00,"not reached
"
1528165104.3392286,-121.74813842,38.53758239,9200,116,0.00,"not reached
"
1528165104.884012,-121.74814605,38.53758239,9200,115,1.96,"not reached
"
1528165105.4288583,-121.74814605,38.53758239,9200,116,1.96,"not reached
"
1528165121.3839018,-121.74819183,756713,1200,126,0.00,"not reached
"
1528165121.6689987,-121.74819183,38.53756713,1200,125,0.00,"not reached
"
1528165122.2142508,-121.74819183,38.53756713,1400,126,0.65,"not reached
"
1528165122.7588685,-121.74819183,38.53756713,2200,126,0.65,"not reached
"
1528165123.3026254,-121.74819183,38.53756713,2200,126,0.65,"not reached
"
1528165123.8441749,-121.74818420,38.53756713,2100,127,0.65,"not reached
"
1528165124.3885956,-121.74818420,38.53756713,2100,127,0.65,"not reached
"
1528165124.9332955,-121.74818420,38.53756713,1700,127,0.65,"not reached
"
1528165125.477976,-121.74818420,38.53756713,1700,127,0.00,"not reached
"
1528165126.022874,-121.74818420,38.53756713,2400,127,0.00,"not reached
"
1528165126.5675457,-121.74818420,38.53756713,2400,127,0.00,"not reached
"
1528165127.1121275,-121.74818420,38.53756713,2400,127,0.00,"not reached
"
1528165127.6568725,-121.74818420,38.53756713,2400,127,0.00,"not reached
"
1528165128.201841,-121.74818420,38.53756713,2400,127,0.00,"not reached
"
1528165128.7467804,-121.74818420,38.53756713,3800,127,0.00,"not reached
"
1528165129.2867897,-121.74818420,38.53756713,3800,127,0.00,"not reached
"
1528165129.8315725,-121.74817657,38.53756332,5400,127,0.00,"not reached
"
1528165130.3763456,-121.74817657,38.53756332,5400,128,0.00,"not reached
"
1528165130.92094,-121.74817657,38.53756332,5400,128,0.00,"not reached
"
1528165131.465886,-121.74817657,38.53756332,5600,128,0.00,"not reached
"
1528165132.01055,-121.74817657,38.53755950,8000,128,0.00,"not reached
"
1528165132.555332,-121.74817657,38.53755950,8000,128,0.00,"not reached
"
1528165133.099846,-121.74817657,38.53755950,7500,127,0.00,"not reached
"
1528165133.641115,-121.74816894,38.53755569,7500,128,0.00,"not reached
"
1528165134.1859741,-121.74816894,38.53755569,6900,128,0.00,"not reached
"
1528165134.7345679,-121.74816894,38.53755187,6500,128,0.00,"not reached
"
1528165135.2756658,-121.74816894,38.53755187,6500,127,0.00,"not reached
"
1528165135.820315,-121.74816131,38.53755187,6500,123,0.00,"not reached
"
1528165136.365357,-121.74816131,38.53755187,6100,94,0.00,"not reached
"
1528165136.909762,-121.74816131,38.53754806,5800,30,0.00,"not reached
"
1528165137.4544578,-121.74816131,38.53754806,5800,106,0.00,"not reached
"
1528165137.9991915,-121.74816131,38.53754425,7000,141,0.00,"not reached
"
1528165138.5439818,-121.74816131,38.53754425,7000,144,0.00,"not reached
"
1528165139.0885937,-121.74816131,38.53754425,5400,144,0.00,"not reached
"
1528165139.633593,-121.74816131,38.53754425,5400,144,0.00,"not reached
"
1528165140.1735382,-121.74816131,38.53754425,3800,144,0.00,"not reached
"
1528165140.7183068,-121.74816131,38.53754043,3800,144,0.00,"not reached
"
1528165141.2630491,-121.74816131,38.53754043,3100,144,0.00,"not reached
"
1528165141.8077927,-121.74816131,38.53754425,5400,144,0.00,"not reached
"
1528165142.352465,-121.74816131,38.53754425,5400,144,0.00,"not reached
"
1528165142.897228,-121.74816131,38.53754425,4000,144,0.00,"not reached
"
1528165143.4418557,-121.74816131,38.53754425,4000,145,0.00,"not reached
"
1528165143.986599,-121.74816131,38.53754425,1300,146,0.00,"not reached
"
1528165144.5315707,-121.74816131,38.53754425,1300,147,0.00,"not reached
"
1528165145.0765932,-121.74816131,38.53754425,10400,147,0.00,"not reached
"
1528165145.6216235,-121.74815368,38.53755187,10400,147,0.00,"not reached
"
1528165146.1665125,-121.74815368,38.53755187,19700,148,0.00,"not reached
"
1528165146.7065637,-121.74814605,38.53755569,19700,148,0.00,"not reached
"
1528165147.2550302,-121.74814605,38.53755569,17400,148,0.00,"not reached
"
1528165147.7963138,-121.74813842,38.53755950,15100,148,0.00,"not reached
"
1528165148.3409755,-121.74813842,38.53755950,15100,147,0.00,"not reached
"
1528165148.8858316,-121.74813079,38.53756332,13400,147,0.00,"not reached
"
1528165149.4307027,-121.74813079,38.53756332,13400,147,0.65,"not reached
"
1528165149.9754295,-121.74812316,38.53756713,11500,148,0.65,"not reached
"
1528165150.5202177,-121.74812316,38.53756713,11500,147,0.65,"not reached
"
1528165151.0651257,-121.74812316,38.53757095,10000,147,0.65,"not reached
"
1528165151.6089845,-121.74811553,38.53757095,10000,148,0.65,"not reached
"
1528165152.1501956,-121.74811553,38.53757095,9500,147,0.65,"not reached
"
1528165152.694792,-121.74810028,38.53757476,9300,148,0.00,"not reached
"
1528165153.2394607,-121.74810028,38.53757476,9300,148,0.00,"not reached
"
1528165153.7841363,-121.74809265,38.53757476,8800,149,0.00,"not reached
"
1528165154.3288822,-121.74809265,38.53757476,8800,151,0.00,"not reached
"
1528165154.873685,-121.74809265,38.53757476,8500,160,0.00,"not reached
"
1528165155.4186342,-121.74809265,38.53757476,8500,180,0.00,"not reached
"
1528165155.9634266,-121.74809265,38.53757858,9100,-159,0.65,"not reached
"
1528165156.508422,-121.74809265,38.53757858,9100,-134,0.65,"not reached
"
1528165157.053254,-121.74808502,38.53758239,9600,-117,0.65,"not reached
"
1528165157.5969934,-121.74807739,38.53758239,9600,-108,0.65,"not reached
"
1528165158.142164,-121.74807739,38.53758239,10000,-99,0.65,"not reached
"
1528165158.6832836,-121.74807739,38.53758621,10000,-99,1.30,"not reached
"
1528165159.2280803,-121.74807739,38.53758621,11400,-98,1.30,"not reached
"
1528165159.772681,-121.74806976,38.53759384,13500,-96,1.30,"not reached
"
1528165160.3174934,-121.74806976,38.53759384,13500,-96,1.30,"not reached
"
1528165160.862172,-121.74806213,38.53760147,13500,-91,1.30,"not reached
"
1528165161.4070687,-121.74806213,38.53760147,14300,-88,1.30,"not reached
"
1528165161.95077,-121.74806213,38.53760528,14500,-83,2.61,"not reached
"
1528165162.4956772,-121.74806213,38.53760528,14500,-84,2.61,"not reached
"
1528165163.0405846,-121.74806213,38.53760910,15400,-91,2.61,"not reached
"
1528165163.5855978,-121.74805450,38.53761672,15400,-85,2.61,"not reached
"
1528165164.1267684,-121.74805450,38.53761672,16500,-72,2.61,"not reached
"
1528165164.671575,-121.74805450,38.53762435,16500,-50,3.91,"not reached
"
1528165165.2164147,-121.74805450,38.53762435,17600,-55,3.91,"not reached
"
1528165166.305367,-121.74805450,38.53763580,17600,-52,3.91,waypoint 1 reached!38.53763580
1528165166.8502767,-121.74805450,38.53764343,23400,-128,3.91,"not reached
"
1528165167.3950484,-121.74805450,38.53764343,23400,-148,3.91,"not reached
"
1528165167.9399133,-121.74804687,38.53765106,16100,-170,5.87,"not reached
"
1528165168.4836047,-121.74804687,38.53765106,16100,172,5.87,"not reached
"
1528165169.0286224,-121.74803924,38.53764724,13100,180,5.87,"not reached
"
1528165169.573587,-121.74803924,38.53764724,13100,154,5.87,"not reached
"
1528165170.1148784,-121.74803924,38.53764343,11600,152,5.87,"not reached
"
1528165170.659521,-121.74803924,38.53763961,11600,159,5.87,"not reached
"
1528165171.2043867,-121.74803924,38.53763961,10000,159,5.21,"not reached
"
1528165171.7492092,-121.74803161,38.53763580,10000,161,5.21,"not reached
"
1528165172.293822,-121.74803161,38.53763580,7500,155,5.21,"not reached
"
1528165172.8375652,-121.74803161,38.53763198,6800,157,5.21,"not reached
"
1528165173.3828192,-121.74803161,38.53763198,6800,128,5.21,"not reached
"
1528165173.9238398,-121.74803161,38.53762817,4900,125,7.82,"not reached
"
1528165174.4685981,-121.74803161,38.53762817,4900,128,7.82,"not reached
"
1528165175.0131843,-121.74803161,38.53762435,5000,123,7.82,"not reached
"
1528165175.5579848,-121.74803161,38.53762435,5000,128,7.82,"not reached
"
1528165176.1027331,-121.74803161,38.53762435,4900,129,7.82,"not reached
"
1528165176.647378,-121.74803161,38.53762435,4900,148,7.82,"not reached
"
1528165177.1924036,-121.74803161,38.53762435,4200,128,6.52,"not reached
"
1528165177.737248,-121.74803161,38.53761672,4200,106,6.52,"not reached
"
1528165178.2809153,-121.74803161,38.53761672,3900,110,6.52,"not reached
"
1528165178.8259013,-121.74803161,38.53761672,4400,124,6.52,"not reached
"
1528165179.3671842,-121.74803161,38.53761672,4400,136,6.52,"not reached
"
1528165179.9119697,-121.74803161,38.53761672,7600,142,5.21,"not reached
"
1528165180.4567463,-121.74803161,38.53761672,7600,133,5.21,"not reached
"
1528165181.0013626,-121.74803161,38.53761291,6700,136,5.21,"not reached
"
1528165181.546051,-121.74803161,38.53761291,6700,139,5.21,"not reached
"
1528165182.0908556,-121.74803161,38.53760910,6500,143,5.21,"not reached
"
1528165182.6355846,-121.74802398,38.53760910,6500,144,5.21,"not reached
"
1528165183.1802444,-121.74802398,38.53760910,5400,146,3.91,"not reached
"
1528165183.7252283,-121.74802398,38.53760910,5100,139,3.91,"not reached
"
1528165184.2689936,-121.74802398,38.53760910,5100,135,3.91,"not reached
"
1528165184.8139758,-121.74802398,38.53760528,4800,136,3.91,"not reached
"
1528165185.355364,-121.74802398,38.53760528,4800,136,3.91,"not reached
"
1528165185.899822,-121.74801635,38.53760528,4800,136,3.91,"not reached
"
1528165186.444673,-121.74801635,38.53760528,4500,137,3.26,"not reached
"
1528165186.9893465,-121.74801635,38.53760147,4600,137,3.26,"not reached
"
1528165187.533985,-121.74801635,38.53760147,4600,137,3.26,"not reached
"
1528165188.0787284,-121.74801635,38.53760147,4500,136,3.26,"not reached
"
1528165188.623478,-121.74801635,38.53760147,4500,132,3.26,"not reached
"
1528165189.1681278,-121.74801635,38.53760147,4600,136,1.96,"not reached
"
1528165189.7133014,-121.74801635,38.53759765,4600,149,1.96,"not reached
"
1528165190.253355,-121.74801635,38.53759765,4700,161,1.96,"not reached
"
1528165190.801845,-121.74801635,38.53759765,4700,164,1.96,"not reached
"
1528165191.3430882,-121.74801635,38.53759765,4100,157,1.96,"not reached
"
1528165191.8876746,-121.74801635,38.53759384,3300,180,1.96,"not reached
"
1528165192.4324124,-121.74801635,38.53759384,3300,180,3.91,"not reached
"
1528165192.9771802,-121.74800872,38.53759384,2700,180,3.91,"not reached
"
1528165193.5218546,-121.74800872,38.53759384,2700,180,3.91,"not reached
"
1528165194.0666592,-121.74800872,38.53759384,2100,180,3.91,"not reached
"
1528165194.6117432,-121.74800872,38.53759384,2100,180,3.91,"not reached
"
1528165195.1562357,-121.74800872,38.53759384,1900,180,2.61,"not reached
"
1528165195.7012858,-121.74800872,38.53758621,1900,180,2.61,"not reached
"
1528165196.2425597,-121.74800872,38.53758621,1800,167,2.61,"not reached
"
1528165196.7872236,-121.74800872,38.53758621,1600,146,2.61,"not reached
"
1528165197.3320863,-121.74800872,38.53758621,1600,147,2.61,"not reached
"
1528165197.876767,-121.74800872,38.53758621,1800,150,2.61,"not reached
"
1528165198.4215505,-121.74800872,38.53758621,1800,144,2.61,"not reached
"
1528165198.9662988,-121.74800872,38.53758621,2100,150,2.61,"not reached
"
1528165199.5108416,-121.74800872,38.53758621,2100,150,2.61,"not reached
"
1528165200.0556931,-121.74800872,38.53758239,1900,150,2.61,"not reached
"
1528165200.5992413,-121.74800872,38.53758239,1900,150,2.61,"not reached
"
1528165201.14053,-121.74800872,38.53758239,1800,148,2.61,"not reached
"
1528165201.688988,-121.74800872,38.53758239,1800,180,2.61,"not reached
"
1528165202.230262,-121.74800872,38.53758239,1500,180,2.61,"not reached
"
1528165202.7749474,-121.74800872,38.53758239,1600,-161,2.61,"not reached
"
1528165203.319687,-121.74800872,38.53758239,1600,-145,2.61,"not reached
"
1528165203.8644774,-121.74800872,38.53758239,1100,-149,2.61,"not reached
"
1528165204.4091022,-121.74800872,38.53758239,1100,-141,3.26,"not reached
"
1528165204.9538553,-121.74800872,38.53758239,1100,-140,3.26,"not reached
"
1528165205.4987633,-121.74800872,38.53758239,1100,-164,3.26,"not reached
"
1528165206.0435479,-121.74800872,38.53758239,800,-147,3.26,"not reached
"
1528165206.58716,-121.74800872,38.53758239,800,-164,3.26,"not reached
"
1528165207.1321642,-121.74800872,38.53758239,1100,-163,3.26,"not reached
"
1528165207.6772501,-121.74800872,38.53758239,1100,-162,3.91,"not reached
"
1528165208.222132,-121.74800872,38.53758239,1600,-163,3.91,"not reached
"
1528165208.7634213,-121.74800872,38.53758239,2000,-163,3.91,"not reached
"
1528165209.308156,-121.74800872,38.53758239,2000,-162,3.91,"not reached
"
1528165209.8528228,-121.74800872,38.53758239,2300,-149,3.91,"not reached
"
1528165210.397587,-121.74800872,38.53758239,2300,-147,3.91,"not reached
"
1528165210.942305,-121.74800872,38.53758239,2300,-151,3.91,"not reached
"
1528165211.485957,-121.74800872,38.53758239,2300,-136,3.91,"not reached
"
1528165212.0310364,-121.74800872,38.53758239,2500,-115,3.91,"not reached
"
1528165212.5759747,-121.74800872,38.53758239,2500,-117,3.91,"not reached
"
1528165213.120849,-121.74801635,38.53758239,2600,-110,3.91,"not reached
"
1528165213.6658576,-121.74801635,38.53758239,2600,-125,3.91,"not reached
"
1528165214.2059696,-121.74801635,38.53758239,1800,-131,3.91,"not reached
"
1528165214.7507296,-121.74801635,38.53758239,1800,-145,3.91,"not reached
"
1528165215.2954378,-121.74801635,38.53758239,5400,-150,3.91,"not reached
"
1528165215.8400812,-121.74800872,38.53758621,5400,-148,3.91,"not reached
"
1528165216.3847287,-121.74800872,38.53758621,6100,-148,3.91,"not reached
"
1528165216.929568,-121.74800872,38.53758239,6300,-141,4.56,"not reached
"
1528165217.4744759,-121.74800872,38.53758239,6300,-157,4.56,"not reached
"
1528165218.019478,-121.74800109,38.53758239,5300,-157,4.56,"not reached
"
1528165218.5643826,-121.74800109,38.53758239,5300,-155,4.56,"not reached
"
1528165219.1044714,-121.74800109,38.53758239,4800,-155,4.56,"not reached
"
1528165219.6540632,-121.74800109,38.53758239,4800,-156,4.56,"not reached
"
1528165220.1940565,-121.74799346,38.53758239,4200,-156,4.56,"not reached
"
1528165220.7388988,-121.74799346,38.53757858,4200,-156,4.56,"not reached
"
1528165221.283955,-121.74799346,38.53757858,3700,-156,4.56,"not reached
"
1528165221.8289993,-121.74799346,38.53757858,3300,-156,4.56,"not reached
"
1528165222.3728032,-121.74799346,38.53757858,3300,-157,4.56,"not reached
"
1528165222.91766,-121.74799346,38.53757476,3400,-153,4.56,"not reached
"
1528165223.4627964,-121.74799346,38.53757476,3400,-148,4.56,"not reached
"
1528165224.0078332,-121.74798583,38.53757476,3400,-137,4.56,"not reached
"
1528165224.5527427,-121.74798583,38.53757476,3400,-134,4.56,"not reached
"
1528165225.0923862,-121.74798583,38.53757476,3200,-134,4.56,"not reached
"
1528165225.6412432,-121.74798583,38.53757476,3200,-134,3.91,"not reached
"
1528165226.1825037,-121.74798583,38.53757476,3000,-135,3.91,"not reached
"
1528165226.7271519,-121.74798583,38.53757476,2800,-134,3.91,"not reached
"
1528165227.271991,-121.74798583,38.53757476,2800,-131,3.91,"not reached
"
1528165227.8170316,-121.74798583,38.53757095,2900,-131,3.91,"not reached
"
1528165228.3620307,-121.74798583,38.53757095,2900,-131,3.91,"not reached
"
1528165228.907218,-121.74798583,38.53757095,3000,-131,3.26,"not reached
"
1528165229.4505963,-121.74798583,38.53757095,3000,-131,3.26,"not reached
"
1528165229.9957597,-121.74797821,38.53757095,3600,-131,3.26,"not reached
"
1528165230.5406394,-121.74797821,38.53757095,3600,-132,3.26,"not reached
"
1528165231.0820827,-121.74797821,38.53757095,3100,-131,3.26,"not reached
"
1528165231.6267695,-121.74797821,38.53757095,3100,-132,3.26,"not reached
"
1528165232.1715002,-121.74797821,38.53757095,2400,-131,1.96,"not reached
"
1528165232.7158837,-121.74797821,38.53757095,2400,-132,1.96,"not reached
"
1528165233.260529,-121.74797821,38.53757095,1700,-132,1.96,"not reached
"
1528165233.8041945,-121.74797821,38.53756713,2300,-132,1.96,"not reached
"
1528165234.3494914,-121.74797821,38.53756713,2300,-132,1.96,"not reached
"
1528165234.894527,-121.74797821,38.53756713,2200,-132,1.30,"not reached
"
1528165235.435771,-121.74797821,38.53756713,2200,-133,1.30,"not reached
"
1528165235.980375,-121.74797821,38.53756713,2200,-134,1.30,"not reached
"
1528165236.5251575,-121.74797821,38.53756713,2200,-144,1.30,"not reached
"
1528165237.0697486,-121.74797821,38.53756713,2000,-162,1.30,"not reached
"
1528165237.6145952,-121.74797821,38.53756713,2000,180,1.30,"not reached
"
1528165238.159115,-121.74797821,38.53756713,1900,180,1.96,"not reached
"
1528165238.7035809,-121.74797821,38.53756332,1900,180,1.96,"not reached
"
1528165239.2483242,-121.74797821,38.53756332,1800,180,1.96,"not reached
"
1528165239.7922604,-121.74797821,38.53756332,1400,180,1.96,"not reached
"
1528165240.3372507,-121.74797821,38.53756332,1400,-179,1.96,"not reached
"
1528165240.8824806,-121.74797058,38.53756332,1400,-162,1.96,"not reached
"
1528165241.4235742,-121.74797058,38.53756332,600,-137,1.96,"not reached
"
1528165241.9682863,-121.74797058,38.53756332,1600,-133,1.96,"not reached
"
1528165242.5130384,-121.74797058,38.53756332,1600,-133,1.96,"not reached
"
1528165243.0577366,-121.74797058,38.53756332,1700,-134,1.96,"not reached
"
1528165243.6025321,-121.74797058,38.53756332,1700,-125,1.96,"not reached
"
1528165244.1473794,-121.74797058,38.53756332,1500,-121,2.61,"not reached
"
1528165244.6920977,-121.74797058,38.53756332,1500,-121,2.61,"not reached
"
1528165245.2369573,-121.74797058,38.53756332,1500,-129,2.61,"not reached
"
1528165245.7805922,-121.74797058,38.53756332,1500,-128,2.61,"not reached
"
1528165246.3254786,-121.74797058,38.53756332,2600,-153,2.61,"not reached
"
1528165246.870468,-121.74797058,38.53756332,3100,-169,2.61,"not reached
"
1528165247.4155161,-121.74797058,38.53756332,3100,-155,3.91,"not reached
"
1528165247.9566913,-121.74797058,38.53756332,2500,-136,3.91,"not reached
"
1528165248.5014725,-121.74797058,38.53756332,2500,-146,3.91,"not reached
"
1528165249.0461502,-121.74796295,38.53756332,1900,-147,3.91,"not reached
"
1528165249.5908272,-121.74796295,38.53756332,1900,-146,3.91,"not reached
"
1528165250.1356547,-121.74796295,38.53756332,1800,-147,3.26,"not reached
"
1528165250.6792467,-121.74796295,38.53755950,1800,-147,3.26,"not reached
"
1528165251.2242763,-121.74796295,38.53755950,1300,-135,3.26,"not reached
"
1528165251.769147,-121.74796295,38.53755950,500,-114,3.26,"not reached
"
1528165252.3104575,-121.74796295,38.53755950,500,-119,3.26,"not reached
"
1528165252.8588789,-121.74796295,38.53755950,2000,-122,3.26,"not reached
"
1528165253.398901,-121.74796295,38.53755950,2000,-126,3.26,"not reached
"
1528165253.9436588,-121.74796295,38.53756332,5100,-129,3.26,"not reached
"
1528165254.4885578,-121.74796295,38.53756332,5100,-159,3.26,"not reached
"
1528165255.0334136,-121.74796295,38.53756332,6400,-160,3.26,"not reached
"
1528165255.5776217,-121.74796295,38.53756332,6400,173,3.26,"not reached
"
1528165256.1227076,-121.74795532,38.53755950,5300,-179,3.91,"not reached
"
1528165256.6677358,-121.74795532,38.53755950,5300,-144,3.91,"not reached
"
1528165257.2127132,-121.74795532,38.53755950,3800,-141,3.91,"not reached
"
1528165257.757603,-121.74795532,38.53755950,3700,-137,3.91,"not reached
"
1528165258.3013918,-121.74795532,38.53755950,3700,-134,3.91,"not reached
"
1528165258.846358,-121.74794769,38.53755950,3700,-135,3.91,"not reached
"
1528165259.3876321,-121.74794769,38.53755950,3700,-135,5.21,"not reached
"
1528165259.9323878,-121.74794769,38.53755569,3300,-135,5.21,"not reached
"
1528165260.4772663,-121.74794769,38.53755569,3300,-134,5.21,"not reached
"
1528165261.0220976,-121.74794769,38.53755569,2700,-134,5.21,"not reached
"
1528165261.566456,-121.74794769,38.53755569,2700,-134,5.21,"not reached
"
1528165262.111521,-121.74794769,38.53755569,2500,-135,5.21,"not reached
"
1528165262.6564639,-121.74793243,38.53755569,2500,-135,3.91,"not reached
"
1528165263.2001958,-121.74793243,38.53755569,2600,-135,3.91,"not reached
"
1528165263.7451034,-121.74793243,38.53755569,2600,-134,3.91,"not reached
"
1528165264.2863686,-121.74793243,38.53755569,1800,-135,3.91,"not reached
"
1528165264.8351097,-121.74793243,38.53755187,1800,-134,3.91,"not reached
"
1528165265.376299,-121.74793243,38.53755187,1800,-134,2.61,"not reached
"
1528165265.920915,-121.74793243,38.53755187,1800,-132,2.61,"not reached
"
1528165266.4656432,-121.74793243,38.53755187,1800,-131,2.61,"not reached
"
1528165267.0103908,-121.74793243,38.53755187,1700,-131,2.61,"not reached
"
1528165267.5551443,-121.74793243,38.53755187,1700,-131,2.61,"not reached
"
1528165268.0988019,-121.74793243,38.53755187,2400,-131,2.61,"not reached
"
1528165268.643741,-121.74793243,38.53755187,2400,-131,2.61,"not reached
"
1528165269.1888392,-121.74793243,38.53755187,2900,-131,2.61,"not reached
"
1528165269.733686,-121.74793243,38.53755187,2900,-130,2.61,"not reached
"
1528165270.2749689,-121.74793243,38.53755187,2900,-130,2.61,"not reached
"
1528165270.8197715,-121.74793243,38.53755187,2900,-130,2.61,"not reached
"
1528165271.3644543,-121.74793243,38.53755187,3300,-128,3.26,"not reached
"
1528165271.909144,-121.74792480,38.53755187,2900,-127,3.26,"not reached
"
1528165272.4527488,-121.74792480,38.53755187,2900,-129,3.26,"not reached
"
1528165272.9976668,-121.74792480,38.53755187,3900,-138,3.26,"not reached
"
1528165273.5426326,-121.74792480,38.53755187,3900,-135,3.26,"not reached
"
1528165274.0876994,-121.74792480,38.53754806,3600,-135,3.26,"not reached
"
1528165274.6326017,-121.74792480,38.53754806,3600,-135,2.61,"not reached
"
1528165275.1727216,-121.74791717,38.53754806,3300,-135,2.61,"not reached
"
1528165275.7211018,-121.74791717,38.53754806,3300,-135,2.61,"not reached
"
1528165276.2623804,-121.74791717,38.53754806,2900,-136,2.61,"not reached
"
1528165276.8070807,-121.74791717,38.53754806,2600,-136,2.61,"not reached
"
1528165277.3517663,-121.74791717,38.53754806,2600,-135,2.61,"not reached
"
1528165277.8964534,-121.74791717,38.53754425,1700,-134,2.61,"not reached
"
1528165278.4411225,-121.74791717,38.53754425,1700,-135,2.61,"not reached
"
1528165278.9863455,-121.74791717,38.53754425,2100,-137,2.61,"not reached
"
1528165279.5310488,-121.74791717,38.53754425,2100,-137,2.61,"not reached
"
1528165280.076132,-121.74791717,38.53754425,1300,-137,2.61,"not reached
"
1528165280.6197977,-121.74791717,38.53754425,1300,-138,1.96,"not reached
"
1528165281.1610324,-121.74791717,38.53754425,1000,-139,1.96,"not reached
"
1528165281.705812,-121.74791717,38.53754425,1000,-140,1.96,"not reached
"
1528165282.2505434,-121.74791717,38.53754425,1000,-140,1.96,"not reached
"
1528165282.7953198,-121.74791717,38.53754425,200,-153,1.96,"not reached
"
1528165283.3399146,-121.74791717,38.53754425,200,-169,1.96,"not reached
"
1528165283.8846023,-121.74791717,38.53754425,600,-166,2.61,"not reached
"
1528165284.4295635,-121.74791717,38.53754425,600,-159,2.61,"not reached
"
1528165284.9745667,-121.74791717,38.53754425,500,-163,2.61,"not reached
"
1528165285.5146003,-121.74791717,38.53754425,500,-179,2.61,"not reached
"
1528165286.059339,-121.74791717,38.53754425,300,-167,2.61,"not reached
"
1528165286.6037614,-121.74791717,38.53754425,300,-179,3.26,"not reached
"
1528165287.148842,-121.74791717,38.53754425,1300,-179,3.26,"not reached
"
1528165287.6937828,-121.74791717,38.53754425,1300,-179,3.26,"not reached
"
1528165288.2381463,-121.74791717,38.53754425,1600,180,3.26,"not reached
"
1528165288.7828808,-121.74791717,38.53754425,2100,180,3.26,"not reached
"
1528165289.3275733,-121.74791717,38.53754425,2100,180,3.26,"not reached
"
1528165289.8725219,-121.74791717,38.53754425,2700,168,4.56,"not reached
"
1528165290.414017,-121.74791717,38.53754425,2700,168,4.56,"not reached
"
1528165290.9622421,-121.74791717,38.53754806,3400,153,4.56,"not reached
"
1528165291.502648,-121.74791717,38.53754806,3400,153,4.56,"not reached
"
1528165292.0477257,-121.74791717,38.53754806,2500,152,4.56,"not reached
"
1528165292.5921156,-121.74791717,38.53754806,2500,139,4.56,"not reached
"
1528165293.1367981,-121.74791717,38.53754806,2500,141,4.56,"not reached
"
1528165293.6815927,-121.74791717,38.53755187,2500,122,4.56,"not reached
"
1528165294.2261868,-121.74791717,38.53755187,2700,124,4.56,"not reached
"
1528165294.7708414,-121.74791717,38.53755187,2300,124,4.56,"not reached
"
1528165295.3156784,-121.74791717,38.53755187,2300,123,4.56,"not reached
"
1528165295.8605816,-121.74791717,38.53755187,2300,123,3.91,"not reached
"
1528165296.4055867,-121.74791717,38.53755187,1900,133,3.91,"not reached
"
1528165296.9468448,-121.74791717,38.53755187,3900,137,3.91,"not reached
"
1528165297.4916513,-121.74791717,38.53755187,3900,160,3.91,"not reached
"
1528165298.0363572,-121.74792480,38.53755187,3900,153,3.91,"not reached
"
1528165298.5810027,-121.74792480,38.53755187,3900,153,3.91,"not reached
"
1528165299.125708,-121.74792480,38.53755187,2700,149,5.87,"not reached
"
1528165299.6705081,-121.74792480,38.53754806,2700,142,5.87,"not reached
"
1528165300.2153633,-121.74792480,38.53754806,2700,142,5.87,"not reached
"
1528165300.7598274,-121.74792480,38.53754806,2700,142,5.87,"not reached
"
1528165301.3048832,-121.74792480,38.53754806,2600,142,5.87,"not reached
"
1528165301.8486154,-121.74792480,38.53754806,2100,142,4.56,"not reached
"
1528165302.3937004,-121.74792480,38.53754806,2100,140,4.56,"not reached
"
1528165302.934922,-121.74792480,38.53754806,2100,141,4.56,"not reached
"
1528165303.4798307,-121.74792480,38.53754806,2100,136,4.56,"not reached
"
1528165304.0243733,-121.74792480,38.53754425,2500,136,4.56,"not reached
"
1528165304.5689895,-121.74792480,38.53754425,2500,136,4.56,"not reached
"
1528165305.1136541,-121.74793243,38.53754425,3100,136,3.26,"not reached
"
1528165305.6584237,-121.74793243,38.53754425,3100,137,3.26,"not reached
"
1528165306.203303,-121.74793243,38.53754425,2400,136,3.26,"not reached
"
1528165306.747808,-121.74793243,38.53754425,2400,136,3.26,"not reached
"
1528165307.292831,-121.74793243,38.53754425,1600,139,3.26,"not reached
"
1528165307.8329043,-121.74793243,38.53754425,1300,141,3.26,"not reached
"
1528165308.3826365,-121.74793243,38.53754425,1300,141,1.96,"not reached
"
1528165308.9226463,-121.74793243,38.53754425,1000,141,1.96,"not reached
"
1528165309.467299,-121.74793243,38.53754425,1000,141,1.96,"not reached
"
1528165310.0120263,-121.74793243,38.53754425,900,141,1.96,"not reached
"
1528165310.5566988,-121.74793243,38.53754425,900,141,1.96,"not reached
"
1528165311.1014357,-121.74793243,38.53754425,800,141,2.61,"not reached
"
1528165311.6461046,-121.74793243,38.53754043,800,137,2.61,"not reached
"
1528165312.1873717,-121.74793243,38.53754043,700,141,2.61,"not reached
"
1528165312.7319307,-121.74793243,38.53754043,700,141,2.61,"not reached
"
1528165313.2766542,-121.74793243,38.53754043,700,141,2.61,"not reached
"
1528165313.8214405,-121.74793243,38.53754043,1400,141,2.61,"not reached
"
1528165314.366279,-121.74793243,38.53754043,1400,141,1.30,"not reached
"
1528165314.9108224,-121.74793243,38.53754043,1800,141,1.30,"not reached
"
1528165315.4554727,-121.74793243,38.53754043,1800,140,1.30,"not reached
"
1528165316.0002704,-121.74793243,38.53753662,1900,141,1.30,"not reached
"
1528165316.5448709,-121.74793243,38.53753662,1900,140,1.30,"not reached
"
1528165317.089612,-121.74793243,38.53753662,2400,140,1.30,"not reached
"
1528165317.6343658,-121.74793243,38.53753662,2400,140,1.30,"not reached
"
1528165318.1792727,-121.74793243,38.53753662,1800,140,1.30,"not reached
"
1528165318.7205644,-121.74793243,38.53753662,1900,140,1.30,"not reached
"
1528165319.26915,-121.74793243,38.53753662,1900,140,1.30,"not reached
"
1528165319.8092215,-121.74793243,38.53753662,1600,140,1.30,"not reached
"
1528165320.353892,-121.74793243,38.53753662,1600,140,1.30,"not reached
"
1528165320.8986511,-121.74793243,38.53753662,1600,148,1.30,"not reached
"
1528165321.4433959,-121.74793243,38.53753662,1200,158,1.30,"not reached
"
1528165321.9879255,-121.74793243,38.53753662,800,166,1.30,"not reached
"
1528165322.5326433,-121.74793243,38.53753662,800,180,1.30,"not reached
"
1528165323.0776436,-121.74793243,38.53753280,1100,180,1.30,"not reached
"
1528165323.62247,-121.74793243,38.53753280,1100,180,1.96,"not reached
"
1528165324.1638284,-121.74793243,38.53753280,900,180,1.96,"not reached
"
1528165324.7083418,-121.74793243,38.53753280,900,170,1.96,"not reached
"
1528165325.2530403,-121.74793243,38.53753280,500,169,1.96,"not reached
"
1528165325.7977185,-121.74793243,38.53753280,500,168,1.96,"not reached
"
1528165326.3425333,-121.74793243,38.53753280,600,162,1.96,"not reached
"
1528165326.8873942,-121.74793243,38.53753280,1500,153,1.96,"not reached
"
1528165327.4322307,-121.74793243,38.53753280,1500,152,1.96,"not reached
"
1528165327.9769795,-121.74793243,38.53753280,1500,152,1.96,"not reached
"
1528165328.5216331,-121.74793243,38.53753280,1500,152,1.96,"not reached
"
1528165329.066503,-121.74793243,38.53753280,1100,150,1.96,"not reached
"
1528165329.6102483,-121.74793243,38.53753280,1100,143,2.61,"not reached
"
1528165330.1515117,-121.74793243,38.53753280,500,141,2.61,"not reached
"
1528165330.6961825,-121.74793243,38.53753280,500,136,2.61,"not reached
"
1528165331.2408316,-121.74793243,38.53753280,500,137,2.61,"not reached
"
1528165331.7854967,-121.74793243,38.53753280,300,136,2.61,"not reached
"
1528165332.3302445,-121.74793243,38.53753280,300,133,1.96,"not reached
"
1528165332.8750908,-121.74793243,38.53753280,500,126,1.96,"not reached
"
1528165333.4197388,-121.74793243,38.53753280,500,125,1.96,"not reached
"
1528165333.9608574,-121.74793243,38.53753280,700,129,1.96,"not reached
"
1528165334.509043,-121.74793243,38.53753280,700,144,1.96,"not reached
"
1528165335.0541947,-121.74793243,38.53753280,1200,153,1.96,"not reached
"
1528165335.5990427,-121.74793243,38.53753280,1200,155,3.26,"not reached
"
1528165336.1404064,-121.74793243,38.53753280,1000,155,3.26,"not reached
"
1528165336.6850877,-121.74793243,38.53753280,1000,155,3.26,"not reached
"
1528165337.229724,-121.74793243,38.53753280,700,155,3.26,"not reached
"
1528165337.774445,-121.74793243,38.53753280,600,155,3.26,"not reached
"
1528165338.3189886,-121.74793243,38.53753280,600,154,3.26,"not reached
"
1528165338.8640497,-121.74793243,38.53753280,700,155,3.91,"not reached
"
1528165339.4084852,-121.74793243,38.53753280,700,155,3.91,"not reached
"
1528165339.9495058,-121.74793243,38.53753280,600,155,3.91,"not reached
"
1528165340.494292,-121.74793243,38.53753280,600,154,3.91,"not reached
"
1528165341.0390198,-121.74793243,38.53753280,600,151,3.91,"not reached
"
1528165341.5837793,-121.74793243,38.53753280,600,139,3.26,"not reached
"
1528165342.1284227,-121.74793243,38.53753280,600,138,3.26,"not reached
"
1528165342.673101,-121.74793243,38.53753280,600,137,3.26,"not reached
"
1528165343.2178926,-121.74793243,38.53753280,700,135,3.26,"not reached
"
1528165343.7626412,-121.74793243,38.53753280,800,136,3.26,"not reached
"
1528165344.3072217,-121.74793243,38.53753280,800,136,3.26,"not reached
"
1528165344.8519776,-121.74793243,38.53753280,700,136,3.26,"not reached
"
1528165345.3967192,-121.74793243,38.53753280,700,137,3.26,"not reached
"
1528165345.9377406,-121.74793243,38.53753280,500,136,3.26,"not reached
"
1528165346.4824996,-121.74793243,38.53753280,500,136,3.26,"not reached
"
1528165347.0271444,-121.74793243,38.53753280,300,136,3.26,"not reached
"
1528165347.5720935,-121.74793243,38.53753280,300,136,2.61,"not reached
"
1528165348.1166475,-121.74793243,38.53753280,100,136,2.61,"not reached
"
1528165348.6612647,-121.74793243,38.53753280,100,136,2.61,"not reached
"
1528165349.2011817,-121.74793243,38.53753280,100,128,2.61,"not reached
"
1528165349.7461057,-121.74793243,38.53753280,100,116,2.61,"not reached
"
1528165350.2912762,-121.74793243,38.53753280,400,116,2.61,"not reached
"
1528165350.835623,-121.74793243,38.53753280,400,116,1.96,"not reached
"
1528165351.3803144,-121.74793243,38.53753280,300,117,1.96,"not reached
"
1528165351.925063,-121.74793243,38.53752899,1200,128,1.96,"not reached
"
1528165352.4735022,-121.74793243,38.53752899,1200,139,1.96,"not reached
"
1528165353.0147424,-121.74793243,38.53752899,1400,139,1.96,"not reached
"
1528165353.5593839,-121.74793243,38.53752899,1400,141,1.96,"not reached
"
1528165354.1042264,-121.74793243,38.53752899,1300,149,2.61,"not reached
"
1528165354.6488712,-121.74793243,38.53752517,1300,149,2.61,"not reached
"
1528165355.193512,-121.74793243,38.53752517,700,151,2.61,"not reached
"
1528165355.738264,-121.74793243,38.53752517,700,153,2.61,"not reached
"
1528165356.2830563,-121.74793243,38.53752517,1100,159,2.61,"not reached
"
1528165356.827694,-121.74793243,38.53752517,800,180,3.26,"not reached
"
1528165357.3690221,-121.74793243,38.53752517,800,180,3.26,"not reached
"
1528165357.9136353,-121.74793243,38.53752517,700,180,3.26,"not reached
"
1528165358.4584777,-121.74793243,38.53752517,700,180,3.26,"not reached
"
1528165359.0032208,-121.74793243,38.53752517,600,-179,3.26,"not reached
"
1528165359.547883,-121.74793243,38.53752517,600,-179,3.26,"not reached
"
1528165360.0926468,-121.74793243,38.53752517,400,-179,3.26,"not reached
"
1528165360.6373842,-121.74793243,38.53752517,400,-179,3.26,"not reached
"
1528165361.1821966,-121.74793243,38.53752517,400,-170,3.26,"not reached
"
1528165361.7268457,-121.74793243,38.53752517,400,-167,3.26,"not reached
"
1528165362.271754,-121.74793243,38.53752517,400,-157,3.26,"not reached
"
1528165362.8165982,-121.74793243,38.53752517,800,-152,3.26,"not reached
"
1528165363.3602498,-121.74793243,38.53752517,800,-152,3.26,"not reached
"
1528165363.901564,-121.74793243,38.53752517,900,-152,3.26,"not reached
"
1528165364.4462965,-121.74793243,38.53752517,900,-142,3.26,"not reached
"
1528165364.9909444,-121.74793243,38.53752517,500,-139,3.26,"not reached
"
1528165365.5356598,-121.74793243,38.53752517,500,-137,3.26,"not reached
"
1528165366.0803828,-121.74793243,38.53752517,800,-134,2.61,"not reached
"
1528165366.6252456,-121.74793243,38.53752517,800,-133,2.61,"not reached
"
1528165367.1699934,-121.74793243,38.53752517,800,-129,2.61,"not reached
"
1528165367.7148457,-121.74793243,38.53752517,800,-114,2.61,"not reached
"
1528165368.25985,-121.74793243,38.53752517,1500,-117,2.61,"not reached
"
1528165368.8048387,-121.74793243,38.53752517,3200,-131,2.61,"not reached
"
1528165369.3485477,-121.74793243,38.53752517,3200,-115,3.26,"not reached
"
1528165369.8934495,-121.74793243,38.53752517,3600,-137,3.26,"not reached
"
1528165370.4384556,-121.74793243,38.53752517,3600,-146,3.26,"not reached
"
1528165370.9834611,-121.74793243,38.53752517,11300,-146,3.26,"not reached
"
1528165371.5285566,-121.74793243,38.53752517,11300,-146,3.26,"not reached
"
1528165372.0684924,-121.74793243,38.53752136,9800,-147,2.61,"not reached
"
1528165372.6131275,-121.74792480,38.53752136,9800,-147,2.61,"not reached
"
1528165373.1578012,-121.74792480,38.53752136,8400,-147,2.61,"not reached
"
1528165373.7026265,-121.74791717,38.53751754,8400,-146,2.61,"not reached
"
1528165374.2498193,-121.74791717,38.53751754,7600,-146,2.61,"not reached
"
1528165374.7925842,-121.74791717,38.53751373,7600,-146,2.61,"not reached
"
1528165375.3374875,-121.74791717,38.53751373,7600,-146,3.26,"not reached
"
1528165375.8812969,-121.74790954,38.53751373,7600,-145,3.26,"not reached
"
1528165376.426255,-121.74790954,38.53751373,7500,-146,3.26,"not reached
"
1528165376.9676719,-121.74790954,38.53750610,6800,-143,3.26,"not reached
"
1528165377.5123239,-121.74790954,38.53750610,6800,-145,3.26,"not reached
"
1528165378.602296,-121.74790191,38.53750610,6400,-145,3.26,waypoint 2 reached!38.53750228
1528165379.1456609,-121.74790191,38.53750228,5000,-143,3.26,"not reached
"
1528165379.6906056,-121.74790191,38.53750228,5000,-128,3.26,"not reached
"
1528165380.2355788,-121.74790191,38.53750228,4400,-115,3.26,"not reached
"
1528165380.7805831,-121.74789428,38.53750228,4400,-115,3.26,"not reached
"
1528165381.3255336,-121.74789428,38.53750228,4100,-115,3.26,"not reached
"
1528165381.8667107,-121.74789428,38.53750228,6900,-109,3.26,"not reached
"
1528165382.411469,-121.74789428,38.53750228,6900,-93,3.26,"not reached
"
1528165382.9561012,-121.74788665,38.53750228,9900,-86,3.26,"not reached
"
1528165383.500774,-121.74788665,38.53750228,9900,-65,3.26,"not reached
"
1528165384.0456393,-121.74787902,38.53750228,12600,-51,3.26,"not reached
"
1528165384.5905704,-121.74787902,38.53750228,12600,-52,2.61,"not reached
"
1528165385.135027,-121.74787902,38.53750610,13300,-52,2.61,"not reached
"
1528165385.6789513,-121.74787139,38.53751754,13300,-52,2.61,"not reached
"
1528165386.2237184,-121.74787139,38.53751754,15600,-52,2.61,"not reached
"
1528165386.7686808,-121.74786376,38.53752136,15600,-52,2.61,"not reached
"
1528165387.3137462,-121.74786376,38.53752136,16200,-52,2.61,"not reached
"
1528165387.8537202,-121.74786376,38.53752899,17300,-60,2.61,"not reached
"
1528165388.3985553,-121.74786376,38.53752899,17300,-60,2.61,"not reached
"
1528165388.9432604,-121.74785614,38.53753662,17000,-60,2.61,"not reached
"
1528165389.4878728,-121.74785614,38.53753662,17000,-60,2.61,"not reached
"
1528165390.0326076,-121.74785614,38.53754425,16300,-60,2.61,"not reached
"
1528165390.5775273,-121.74785614,38.53754425,16300,-64,2.61,"not reached
"
1528165391.1222782,-121.74785614,38.53755187,16200,-74,2.61,"not reached
"
1528165391.6673222,-121.74784851,38.53755950,16200,-72,2.61,"not reached
"
1528165392.2122552,-121.74784851,38.53755950,16800,-67,2.61,"not reached
"
1528165392.7536206,-121.74784088,38.53756332,18000,-77,2.61,"not reached
"
1528165393.2982032,-121.74784088,38.53756332,18000,-78,2.61,"not reached
"
1528165393.8429766,-121.74784088,38.53757095,19600,-81,2.61,"not reached
"
1528165394.3877351,-121.74784088,38.53757095,19600,-80,2.61,"not reached
"
1528165394.9323688,-121.74782562,38.53757858,20000,-81,2.61,"not reached
"
1528165395.477114,-121.74782562,38.53757858,20000,-85,2.61,"not reached
"
1528165396.0219119,-121.74782562,38.53758621,19100,-85,2.61,"not reached
"
1528165396.5656154,-121.74782562,38.53758621,19100,-84,3.26,"not reached
"
1528165397.1104782,-121.74781799,38.53759765,18200,-82,3.26,"not reached
"
1528165397.6564264,-121.74781036,38.53760147,18200,-83,3.26,"not reached
"
1528165398.200554,-121.74781036,38.53760147,16300,-84,3.26,"not reached
"
1528165398.7442982,-121.74781036,38.53760910,15500,-90,3.26,"not reached
"
1528165399.285617,-121.74781036,38.53760910,15500,-93,3.26,"not reached
"
1528165399.8303535,-121.74781036,38.53761672,14500,-93,3.26,"not reached
"
1528165400.3751333,-121.74781036,38.53761672,14500,-93,3.26,"not reached
"
1528165400.9197848,-121.74781036,38.53762435,14500,-93,3.26,"not reached
"
1528165401.4647803,-121.74781036,38.53762435,13400,-93,3.26,"not reached
"
1528165402.0095556,-121.74780273,38.53762817,12900,-93,3.26,"not reached
"
1528165402.554441,-121.74780273,38.53762817,12900,-91,2.61,"not reached
"
1528165403.099427,-121.74780273,38.53763198,11300,-93,2.61,"not reached
"
1528165403.6431022,-121.74780273,38.53763961,11300,-93,2.61,"not reached
"
1528165404.1880546,-121.74780273,38.53763961,10700,-93,2.61,"not reached
"
1528165404.7330978,-121.74780273,38.53764343,10700,-93,2.61,"not reached
"
1528165405.2743397,-121.74780273,38.53764343,9900,-92,2.61,"not reached
"
1528165405.8189118,-121.74780273,38.53764724,9900,-93,1.96,"not reached
"
1528165406.3637643,-121.74780273,38.53764724,9200,-93,1.96,"not reached
"
1528165406.9085152,-121.74780273,38.53765106,8700,-93,1.96,"not reached
"
1528165407.4521904,-121.74780273,38.53765106,8700,-92,1.96,"not reached
"
1528165407.9980252,-121.74780273,38.53765487,8000,-92,1.96,"not reached
"
1528165408.5421596,-121.74780273,38.53765487,8000,-93,1.30,"not reached
"
1528165409.083433,-121.74780273,38.53765487,7800,-93,1.30,"not reached
"
1528165409.6281874,-121.74779510,38.53766250,7800,-93,1.30,"not reached
"
1528165410.1729174,-121.74779510,38.53766250,7300,-93,1.30,"not reached
"
1528165410.7178435,-121.74779510,38.53766250,7300,-92,1.30,"not reached
"
1528165411.2624083,-121.74779510,38.53766250,7300,-93,1.30,"not reached
"
1528165412.352029,-121.74779510,38.53767013,7100,-99,1.30,waypoint 3 reached!38.53767013
1528165412.896894,-121.74779510,38.53767013,7000,-101,1.30,"not reached
"
1528165413.4406135,-121.74779510,38.53767013,7000,-100,1.30,"not reached
"
1528165413.9855015,-121.74779510,38.53767776,5000,-86,1.30,"not reached
"
1528165414.5267584,-121.74779510,38.53767776,5000,-76,1.30,"not reached
"
1528165415.0716007,-121.74780273,38.53768157,4900,-77,1.30,"not reached
"
1528165415.6162066,-121.74780273,38.53768157,4900,-77,1.30,"not reached
"
1528165416.1608326,-121.74780273,38.53768157,5300,-76,1.30,"not reached
"
1528165416.7055686,-121.74780273,38.53768157,5400,-76,1.30,"not reached
"
1528165417.2504172,-121.74780273,38.53768157,5400,-75,1.30,"not reached
"
1528165417.7950106,-121.74781036,38.53768157,5700,-69,1.30,"not reached
"
1528165418.3396747,-121.74781036,38.53768157,5700,-41,1.30,"not reached
"
1528165418.8809686,-121.74781036,38.53768539,5700,14,1.30,"not reached
"
1528165419.4257355,-121.74781036,38.53768539,5700,45,1.30,"not reached
"
1528165419.9703412,-121.74781036,38.53768539,7100,58,1.30,"not reached
"
1528165420.5150993,-121.74781036,38.53768539,7100,63,1.30,"not reached
"
1528165421.0597537,-121.74781799,38.53768539,9200,68,1.96,"not reached
"
1528165421.6048365,-121.74782562,38.53768157,9200,75,1.96,"not reached
"
1528165422.1493394,-121.74782562,38.53768157,10600,75,1.96,"not reached
"
1528165422.694047,-121.74783325,38.53768157,10600,76,1.96,"not reached
"
1528165423.2391741,-121.74783325,38.53768157,12100,78,1.96,"not reached
"
1528165423.7837074,-121.74784088,38.53768157,12400,83,1.96,"not reached
"
1528165424.3281572,-121.74784088,38.53768157,12400,79,1.96,"not reached
"
1528165424.8719418,-121.74784851,38.53767776,13600,59,1.96,"not reached
"
1528165425.4131923,-121.74784851,38.53767776,13600,72,1.96,"not reached
"
1528165425.9579387,-121.74785614,38.53767013,13600,84,1.96,"not reached
"
1528165426.5026958,-121.74785614,38.53767013,15700,79,1.96,"not reached
"
1528165427.0473616,-121.74786376,38.53767013,18300,81,3.91,"not reached
"
1528165427.592105,-121.74786376,38.53767013,18300,86,3.91,"not reached
"
1528165428.1370125,-121.74787139,38.53766250,19800,107,3.91,"not reached
"
1528165428.6817226,-121.74788665,38.53765869,19800,119,3.91,"not reached
"
1528165429.2264147,-121.74788665,38.53765869,20900,110,3.91,"not reached
"
1528165429.7713728,-121.74789428,38.53765487,21100,110,3.91,"not reached
"
1528165430.316105,-121.74789428,38.53765487,21100,115,4.56,"not reached
"
1528165430.8612409,-121.74790191,38.53765106,21100,111,4.56,"not reached
"
1528165431.4060836,-121.74790191,38.53765106,21800,100,4.56,"not reached
"
1528165431.9498062,-121.74791717,38.53764724,22100,100,4.56,"not reached
"
1528165432.4910223,-121.74791717,38.53764724,22100,93,4.56,"not reached
"
1528165433.035535,-121.74793243,38.53764343,22700,109,4.56,"not reached
"
1528165433.58013,-121.74794769,38.53764343,22700,116,4.56,"not reached
"
1528165434.124821,-121.74794769,38.53764343,21100,116,4.56,"not reached
"
1528165434.6695223,-121.74796295,38.53764343,21100,108,4.56,"not reached
"
1528165435.2143018,-121.74796295,38.53764343,18800,110,4.56,"not reached
"
1528165435.7592473,-121.74797058,38.53764343,18800,110,4.56,"not reached
"
1528165436.3041024,-121.74797058,38.53764343,18400,122,3.26,"not reached
"
1528165436.8491228,-121.74798583,38.53764724,19900,92,3.26,"not reached
"
1528165437.390372,-121.74798583,38.53764724,19900,60,3.26,"not reached
"
1528165437.9350905,-121.74799346,38.53764724,21600,81,3.26,"not reached
"
1528165438.4797711,-121.74799346,38.53764724,21600,102,3.26,"not reached
"
1528165439.0245,-121.74800872,38.53765106,22000,102,3.26,"not reached
"
1528165439.5693264,-121.74800872,38.53765106,22000,101,3.26,"not reached
"
1528165440.6579802,-121.74801635,38.53765106,20900,108,3.26,waypoint 1 reached!38.53765487
1528165441.2027571,-121.74803161,38.53765487,18100,145,3.26,"not reached
"
1528165441.7477243,-121.74803924,38.53765487,18100,152,3.26,"not reached
"
1528165442.2926254,-121.74803924,38.53765487,10400,159,3.26,"not reached
"
1528165442.8326542,-121.74803924,38.53765106,7900,162,3.26,"not reached
"
1528165443.377427,-121.74803924,38.53765106,7900,172,3.26,"not reached
"
1528165443.9221585,-121.74803924,38.53764724,8600,180,3.26,"not reached
"
1528165444.4667532,-121.74803924,38.53764724,8600,180,3.26,"not reached
"
1528165445.0114424,-121.74803161,38.53764343,8100,180,3.26,"not reached
"
1528165445.5563624,-121.74803161,38.53764343,8100,-179,2.61,"not reached
"
1528165446.1010132,-121.74803161,38.53763961,7000,-179,2.61,"not reached
"
1528165446.646125,-121.74803161,38.53763580,7000,-179,2.61,"not reached
"
1528165447.1909044,-121.74803161,38.53763580,6100,-179,2.61,"not reached
"
1528165447.7359116,-121.74803161,38.53763580,6100,-171,2.61,"not reached
"
1528165448.2808268,-121.74803161,38.53763580,5700,-171,1.96,"not reached
"
1528165448.8246233,-121.74802398,38.53763198,5200,-170,1.96,"not reached
"
1528165449.365859,-121.74802398,38.53763198,5200,-170,1.96,"not reached
"
1528165449.9143238,-121.74802398,38.53763198,4800,-170,1.96,"not reached
"
1528165450.4555988,-121.74802398,38.53763198,4800,-170,1.96,"not reached
"
1528165451.0022407,-121.74802398,38.53763198,4600,-170,1.96,"not reached
"
1528165451.5450294,-121.74802398,38.53763198,4600,-170,1.96,"not reached
"
1528165452.089737,-121.74801635,38.53762817,4300,-170,1.96,"not reached
"
1528165452.634477,-121.74801635,38.53762817,4300,-170,1.96,"not reached
"
1528165453.1794622,-121.74801635,38.53762817,4300,-171,1.96,"not reached
"
1528165453.7244232,-121.74801635,38.53762817,4300,-170,1.96,"not reached
"
1528165454.2681553,-121.74801635,38.53762817,3700,-170,1.96,"not reached
"
1528165454.8132043,-121.74801635,38.53762817,3300,-170,1.96,"not reached
"
1528165455.354345,-121.74801635,38.53762817,3300,-170,1.96,"not reached
"
1528165455.8991022,-121.74801635,38.53762435,3300,-170,1.96,"not reached
"
1528165456.443908,-121.74801635,38.53762435,3300,-170,1.96,"not reached
"
1528165456.988568,-121.74801635,38.53762435,3100,-179,1.96,"not reached
"
1528165457.5332704,-121.74801635,38.53762435,3100,-171,1.30,"not reached
"
1528165458.0782907,-121.74801635,38.53762435,3100,-148,1.30,"not reached
"
1528165458.6232522,-121.74800872,38.53762054,3100,-142,1.30,"not reached
"
1528165459.1670768,-121.74800872,38.53762054,3200,-155,1.30,"not reached
"
1528165459.7119396,-121.74800872,38.53762054,2800,-155,1.30,"not reached
"
1528165460.2527556,-121.74800872,38.53762054,2800,-152,1.30,"not reached
"
1528165460.8017292,-121.74800872,38.53761672,2800,-160,1.96,"not reached
"
1528165461.342851,-121.74800872,38.53761672,2500,-154,1.96,"not reached
"
1528165461.8875558,-121.74800872,38.53761672,2500,-170,1.96,"not reached
"
1528165462.4324694,-121.74800872,38.53761672,2500,-169,1.96,"not reached
"
1528165462.9771411,-121.74800872,38.53761672,1500,-169,1.96,"not reached
"
1528165463.521901,-121.74800872,38.53761672,1500,-169,3.26,"not reached
"
1528165464.0654643,-121.74800872,38.53761672,600,-170,3.26,"not reached
"
1528165464.6067789,-121.74800872,38.53761672,600,-171,3.26,"not reached
"
1528165465.155208,-121.74800872,38.53761672,400,-170,3.26,"not reached
"
1528165465.6964781,-121.74800872,38.53761672,400,-168,3.26,"not reached
"
1528165466.2412953,-121.74800872,38.53761672,1000,-162,3.26,"not reached
"
1528165466.7859917,-121.74800872,38.53761672,1300,-152,4.56,"not reached
"
1528165467.330738,-121.74800872,38.53761672,1300,-146,4.56,"not reached
"
1528165467.875575,-121.74800872,38.53761672,1300,-143,4.56,"not reached
"
1528165468.4201431,-121.74800872,38.53761672,1300,-123,4.56,"not reached
"
1528165468.9651,-121.74800872,38.53761672,1100,-114,4.56,"not reached
"
1528165469.5098877,-121.74800872,38.53761672,1100,-116,3.91,"not reached
"
1528165470.0547423,-121.74800872,38.53761672,1600,-121,3.91,"not reached
"
1528165470.5984232,-121.74800872,38.53761672,1600,-134,3.91,"not reached
"
1528165471.1434078,-121.74800872,38.53761672,3000,-135,3.91,"not reached
"
1528165471.6884067,-121.74800872,38.53761672,3000,-141,3.91,"not reached
"
1528165472.2296886,-121.74800872,38.53761672,3500,-154,3.91,"not reached
"
1528165472.7757826,-121.74800872,38.53761672,4000,-155,3.26,"not reached
"
1528165473.319046,-121.74800872,38.53761672,4000,-154,3.26,"not reached
"
1528165473.8637707,-121.74800109,38.53761672,3700,-153,3.26,"not reached
"
1528165474.4085274,-121.74800109,38.53761672,3700,-153,3.26,"not reached
"
1528165474.953491,-121.74800109,38.53761672,3800,-152,3.26,"not reached
"
1528165475.4971838,-121.74800109,38.53761672,3800,-152,3.26,"not reached
"
1528165476.042189,-121.74800109,38.53761672,3500,-154,3.26,"not reached
"
1528165476.5870998,-121.74800109,38.53761672,3500,-166,3.26,"not reached
"
1528165477.1321034,-121.74800109,38.53761672,3200,-167,3.26,"not reached
"
1528165477.6721227,-121.74799346,38.53761672,3200,-167,3.26,"not reached
"
1528165478.2169085,-121.74799346,38.53761672,2800,-170,3.26,"not reached
"
1528165478.7616522,-121.74799346,38.53761291,2800,-179,2.61,"not reached
"
1528165479.3062847,-121.74799346,38.53761291,2300,-179,2.61,"not reached
"
1528165479.8509505,-121.74799346,38.53761291,1800,-179,2.61,"not reached
"
1528165480.3958123,-121.74799346,38.53761291,1800,-179,2.61,"not reached
"
1528165480.940776,-121.74799346,38.53761291,1900,-179,2.61,"not reached
"
1528165481.4856942,-121.74799346,38.53761291,1900,-179,2.61,"not reached
"
1528165482.0306056,-121.74799346,38.53761291,2100,-179,3.26,"not reached
"
1528165482.57572,-121.74799346,38.53760910,2100,-179,3.26,"not reached
"
1528165483.1193826,-121.74799346,38.53760910,2100,-179,3.26,"not reached
"
1528165483.6606386,-121.74799346,38.53760910,2100,-169,3.26,"not reached
"
1528165484.205309,-121.74799346,38.53760910,2100,-168,3.26,"not reached
"
1528165484.7501278,-121.74799346,38.53760910,1600,-167,2.61,"not reached
"
1528165485.2947981,-121.74799346,38.53760910,1600,-160,2.61,"not reached
"
1528165485.8392074,-121.74799346,38.53760910,1600,-151,2.61,"not reached
"
1528165486.3845012,-121.74799346,38.53760910,1700,-148,2.61,"not reached
"
1528165486.929351,-121.74799346,38.53760910,900,-148,2.61,"not reached
"
1528165487.4743931,-121.74799346,38.53760910,900,-147,2.61,"not reached
"
1528165488.014461,-121.74799346,38.53760910,700,-148,3.91,"not reached
"
1528165488.5594015,-121.74799346,38.53760910,700,-144,3.91,"not reached
"
1528165489.107648,-121.74799346,38.53760910,1000,-137,3.91,"not reached
"
1528165489.6489623,-121.74799346,38.53760910,1000,-125,3.91,"not reached
"
1528165490.1936152,-121.74799346,38.53760910,2200,-125,3.91,"not reached
"
1528165490.7383068,-121.74799346,38.53760910,2200,-125,3.91,"not reached
"
1528165491.2828195,-121.74799346,38.53760910,2400,-129,3.26,"not reached
"
1528165491.8274581,-121.74799346,38.53760910,2700,-131,3.26,"not reached
"
1528165492.3725398,-121.74799346,38.53760910,2700,-138,3.26,"not reached
"
1528165492.9176338,-121.74798583,38.53760910,2700,-160,3.26,"not reached
"
1528165493.4624846,-121.74798583,38.53760910,2700,-171,3.26,"not reached
"
1528165494.0024152,-121.74798583,38.53760910,2600,180,2.61,"not reached
"
1528165494.5471685,-121.74798583,38.53760910,2600,157,2.61,"not reached
"
1528165495.0919058,-121.74798583,38.53760910,2300,155,2.61,"not reached
"
1528165495.6381624,-121.74798583,38.53760528,2300,152,2.61,"not reached
"
1528165496.1813474,-121.74798583,38.53760528,3100,137,2.61,"not reached
"
1528165496.7262409,-121.74798583,38.53760528,4500,129,2.61,"not reached
"
1528165497.2713754,-121.74798583,38.53760528,4500,128,3.26,"not reached
"
1528165497.8158119,-121.74798583,38.53760147,5600,127,3.26,"not reached
"
1528165498.360858,-121.74798583,38.53760147,5600,127,3.26,"not reached
"
1528165498.9023042,-121.74799346,38.53760147,6200,127,3.26,"not reached
"
1528165499.4472344,-121.74799346,38.53760147,6200,122,3.26,"not reached
"
1528165499.9913125,-121.74799346,38.53760147,6800,128,2.61,"not reached
"
1528165500.5359364,-121.74799346,38.53760147,6800,128,2.61,"not reached
"
1528165501.0806887,-121.74800109,38.53759765,8300,129,2.61,"not reached
"
1528165501.6253943,-121.74800872,38.53759765,8300,138,2.61,"not reached
"
1528165502.1704657,-121.74800872,38.53759765,12700,131,2.61,"not reached
"
1528165502.7154686,-121.74801635,38.53759384,12700,127,2.61,"not reached
"
1528165503.2590168,-121.74801635,38.53759384,14400,127,3.91,"not reached
"
1528165503.8036895,-121.74802398,38.53758621,16100,127,3.91,"not reached
"
1528165504.3489106,-121.74802398,38.53758621,16100,128,3.91,"not reached
"
1528165504.893664,-121.74803161,38.53758239,16700,128,3.91,"not reached
"
1528165505.4386742,-121.74803161,38.53758239,16700,127,3.91,"not reached
"
1528165505.9797065,-121.74803924,38.53757858,16600,126,3.91,"not reached
"
1528165506.523601,-121.74803924,38.53757858,16600,126,3.91,"not reached
"
1528165507.0682878,-121.74804687,38.53757476,17100,125,3.91,"not reached
"
1528165507.6129093,-121.74804687,38.53757476,17100,125,3.91,"not reached
"
1528165508.157931,-121.74806213,38.53757095,16800,125,3.91,"not reached
"
1528165508.70266,-121.74806976,38.53756713,16800,124,3.91,"not reached
"
1528165509.2475646,-121.74806976,38.53756713,16200,124,3.26,"not reached
"
1528165509.7925048,-121.74807739,38.53756713,15600,125,3.26,"not reached
"
1528165510.337429,-121.74807739,38.53756713,15600,125,3.26,"not reached
"
1528165510.882381,-121.74808502,38.53756332,15600,125,3.26,"not reached
"
1528165511.4260943,-121.74808502,38.53756332,15100,125,3.26,"not reached
"
1528165511.9674196,-121.74809265,38.53755950,13300,124,3.26,"not reached
"
1528165512.511695,-121.74809265,38.53755950,13300,124,2.61,"not reached
"
1528165513.056472,-121.74810028,38.53755950,12700,125,2.61,"not reached
"
1528165513.601548,-121.74810028,38.53755950,12700,125,2.61,"not reached
"
1528165514.1464255,-121.74811553,38.53755569,12100,125,2.61,"not reached
"
1528165514.6917837,-121.74812316,38.53755187,12100,125,2.61,"not reached
"
1528165515.2362103,-121.74812316,38.53755187,11600,125,1.96,"not reached
"
1528165515.7804186,-121.74813079,38.53755187,11600,125,1.96,"not reached
"
1528165516.3252928,-121.74813079,38.53755187,11100,125,1.96,"not reached
"
1528165516.8665998,-121.74813079,38.53754806,10500,124,1.96,"not reached
"
1528165517.411241,-121.74813079,38.53754806,10500,124,1.96,"not reached
"
1528165517.9560487,-121.74813842,38.53754425,10800,125,1.96,"not reached
"
1528165518.5006068,-121.74813842,38.53754425,10800,124,1.96,"not reached
"
1528165519.0455844,-121.74814605,38.53754043,9600,124,1.96,"not reached
"
1528165519.590108,-121.74814605,38.53753662,9600,124,1.96,"not reached
"
1528165520.135065,-121.74814605,38.53753662,10300,124,1.96,"not reached
"
1528165520.6787784,-121.74815368,38.53753662,10300,122,1.96,"not reached
"
1528165521.220056,-121.74815368,38.53753662,9500,148,1.96,"not reached
"
1528165521.764722,-121.74815368,38.53753280,7900,113,1.30,"not reached
"
1528165522.309418,-121.74815368,38.53753280,7900,97,1.30,"not reached
"
1528165522.8540394,-121.74816131,38.53752899,1300,97,1.30,"not reached
"
1528165523.3987715,-121.74816131,38.53752899,1300,96,1.30,"not reached
"
1528165523.9436877,-121.74816131,38.53753280,4500,94,1.30,"not reached
"
1528165524.488205,-121.74816131,38.53753280,4500,92,0.65,"not reached
"
1528165525.0292153,-121.74816131,38.53753280,3100,92,0.65,"not reached
"
1528165525.573973,-121.74816131,38.53753280,3100,90,0.65,"not reached
"
1528165526.1187258,-121.74816131,38.53753280,2900,79,0.65,"not reached
"
1528165526.663479,-121.74816894,38.53753662,2900,67,0.65,"not reached
"
1528165527.208385,-121.74816894,38.53753662,3100,55,0.65,"not reached
"
1528165527.7528458,-121.74816894,38.53753662,2600,51,1.96,"not reached
"
1528165528.2975376,-121.74816894,38.53753662,2600,49,1.96,"not reached
"
1528165528.8422468,-121.74816894,38.53753662,1200,47,1.96,"not reached
"
1528165529.3832526,-121.74816894,38.53753662,1200,47,1.96,"not reached
"
1528165529.927958,-121.74816894,38.53753662,800,49,1.96,"not reached
"
1528165530.4727314,-121.74816894,38.53753662,800,43,0.00,"not reached
"
1528165531.0175498,-121.74816894,38.53753662,1200,43,0.00,"not reached
"
1528165531.562098,-121.74816894,38.53753662,1200,43,0.00,"not reached
"
1528165532.1066206,-121.74816894,38.53753662,700,42,0.00,"not reached
"
1528165532.651399,-121.74816894,38.53753662,700,43,0.00,"not reached
"
1528165533.1961684,-121.74816894,38.53753662,900,43,0.00,"not reached
"
1528165533.7407794,-121.74816894,38.53753662,900,43,1.96,"not reached
"
1528165534.2856724,-121.74816894,38.53753662,2000,43,1.96,"not reached
"
1528165534.830245,-121.74816894,38.53753662,1100,43,1.96,"not reached
"
1528165535.3750067,-121.74816894,38.53753662,1100,43,1.96,"not reached
"
1528165535.9197268,-121.74816894,38.53753662,1100,43,1.96,"not reached
"
1528165536.4609084,-121.74816894,38.53753662,500,43,1.96,"not reached
"
1528165537.0054157,-121.74816894,38.53753662,700,43,1.96,"not reached
"
1528165537.5501568,-121.74816894,38.53753662,700,43,1.96,"not reached
"
1528165538.0949712,-121.74816894,38.53753662,100,43,1.96,"not reached
"
1528165538.6396806,-121.74816894,38.53753662,100,43,1.96,"not reached
"
1528165539.1843739,-121.74816894,38.53753662,300,43,1.96,"not reached
"
1528165539.72548,-121.74816894,38.53753662,300,43,1.96,"not reached
"
1528165540.269897,-121.74816894,38.53753662,600,43,1.96,"not reached
"
1528165540.8146152,-121.74816894,38.53753662,600,47,1.96,"not reached
"
1528165541.3597336,-121.74816894,38.53753662,1300,65,1.96,"not reached
"
1528165541.907689,-121.74816894,38.53753662,1800,95,1.96,"not reached
"
1528165542.4489863,-121.74816894,38.53753662,1800,92,1.96,"not reached
"
1528165542.9936297,-121.74816894,38.53753662,600,102,1.30,"not reached
"
1528165543.5384114,-121.74816894,38.53753662,600,100,1.30,"not reached
"
1528165544.0832093,-121.74816894,38.53753662,3600,100,1.30,"not reached
"
1528165544.627832,-121.74816894,38.53753662,3600,106,1.30,"not reached
"
1528165545.172472,-121.74816894,38.53753662,1700,115,1.30,"not reached
"
1528165545.7173269,-121.74816894,38.53753662,1700,130,2.61,"not reached
"
1528165546.2619946,-121.74816894,38.53753662,5600,137,2.61,"not reached
"
1528165546.8068268,-121.74817657,38.53753662,7100,143,2.61,"not reached
"
1528165547.3527129,-121.74817657,38.53753662,7100,145,2.61,"not reached
"
1528165547.8963985,-121.74817657,38.53753662,2600,146,2.61,"not reached
"
1528165548.4417014,-121.74817657,38.53753662,2600,147,2.61,"not reached
"
1528165548.9815376,-121.74817657,38.53753280,5600,148,3.91,"not reached
"
1528165549.5261853,-121.74817657,38.53753280,5600,149,3.91,"not reached
"
1528165550.071011,-121.74818420,38.53753280,3200,152,3.91,"not reached
"
1528165550.615758,-121.74818420,38.53753280,3200,154,3.91,"not reached
"
1528165551.1605067,-121.74818420,38.53753280,1200,159,3.91,"not reached
"
1528165551.7052627,-121.74818420,38.53752899,1200,-179,3.91,"not reached
"
1528165552.2502573,-121.74818420,38.53752899,5000,-170,2.61,"not reached
"
1528165552.7951026,-121.74817657,38.53752899,5600,-167,2.61,"not reached
"
1528165553.3400178,-121.74817657,38.53752899,5600,-166,2.61,"not reached
"
1528165553.884939,-121.74817657,38.53752899,5900,-166,2.61,"not reached
"
1528165554.4289017,-121.74817657,38.53752899,5900,-165,2.61,"not reached
"
1528165554.9736843,-121.74817657,38.53753280,7700,-165,1.96,"not reached
"
1528165555.5151718,-121.74817657,38.53753280,7700,-166,1.96,"not reached
"
1528165556.0593548,-121.74816894,38.53753280,6700,-166,1.96,"not reached
"
1528165556.60413,-121.74816894,38.53753280,6700,-165,1.96,"not reached
"
1528165557.148819,-121.74816894,38.53753662,6000,-166,1.96,"not reached
"
1528165557.6938732,-121.74816894,38.53753662,6000,-165,1.96,"not reached
"
