1528161012.3810673,0.00000000,.00000000,1215752092,-144,0.00,-2575.00
1528161012.8915684,-121.74822235,38.53746414,200,-145,0.00,2350.00
1528161013.4028096,-121.74822235,38.53746414,200,-145,0.00,2350.00
1528161013.9157412,-121.74822235,38.53746414,0,-145,0.00,2350.00
1528161014.4272015,-121.74822235,38.53746414,0,-146,0.00,2350.00
1528161014.9437163,-121.74822235,38.53746414,200,-145,0.00,2350.00
1528161015.4554853,-121.74822235,38.53746414,200,-146,0.00,2350.00
1528161015.967361,-121.74822235,38.53746414,200,-146,0.00,2350.00
1528161016.4839196,-121.74822235,38.53746414,200,-146,0.00,2350.00
1528161016.995572,-121.74822235,38.53746414,200,-147,0.00,2350.00
1528161017.5073946,-121.74822235,38.53746414,200,-147,0.00,2350.00
1528161018.0234015,-121.7482235,3.53746414,200,-148,0.65,230.00
1528161018.53522,-121.7485,3.53746414,200,-146,0.65,2350.0
1528161019.0509288,-121.74822235200,353746414,-148,0.65,2350.00desired path angle:86.45,rudder angle:68.1
1528161020.0788646,-121.7482235,8.53746414,200,-148,0.65,2350.00
1528161020.5916748,-121.7822235,38.53746414,200,-156,0.65,230.00
1528161021.107633,-121.74822235,38.6414,-165,1.30,2350.0sired path angle: 86rudder angle:67.65,eror:-69.92
1528161021.6194072,-121.74822235,38.53746414,200,-179,1.3,2350.00
1528161022.1310408,-121.74822235,38.53746414,200,180,1.30,230.00
1528161023.1587212,-121.74822235,38.53746414,100,173,1.30,2350.00
1528161023.670429,-121.74822235,3.53746414,100,73,1.30,2350.00
1528161024.1825569,-121.7482223,3.53746414,100,173,1.30,2350.00desired path angle: 86.4
1528161032.3778787,-121.7482298,3.53746795,200,164,1.30,235100
1528161032.890348,-121.74822998,3.53746795,00,164,1.30,2351.00
1528161185.9229085,-121.74820709,38.53749465,200,-113,0.00,"not reached
"
1528161186.4667642,-121.74820709,38.53749465,100,-113,0.00,"not reached
"
1528161187.0123477,-121.74820709,38.53749465,100,-103,0.00,"not reached
"
1528161187.55778,-121.74820709,38.53749465,300,-100,0.00,"not reached
"
1528161188.1033561,-121.74820709,38.53749465,300,-100,0.00,"not reached
"
1528161188.64521,-121.74820709,38.53749465,1200,-98,0.65,"not reached
"
1528161189.1902905,-121.74820709,38.53749465,1200,-102,0.65,"not reached
"
1528161189.7358859,-121.74820709,38.53749465,1600,-102,0.65,"not reached
"
1528161190.2808127,-121.74820709,38.53749465,1600,-101,0.65,"not reached
"
1528161190.8260174,-121.74820709,38.53749465,1600,-101,0.65,"not reached
"
1528161191.370463,-121.74820709,38.53749465,1600,-100,0.65,"not reached
"
1528161191.9157274,-121.74820709,38.53749465,600,-100,0.00,"not reached
"
1528161192.4613638,-121.74820709,38.53749465,600,-101,0.00,"not reached
"
1528161193.0073588,-121.74820709,38.53749465,5500,-102,0.00,"not reached
"
1528161193.5523407,-121.74820709,38.53749465,5500,-116,0.00,"not reached
"
1528161194.0964165,-121.74820709,38.53749465,6000,-124,0.00,"not reached
"
1528161194.6379936,-121.74820709,38.53749465,6000,-125,0.00,"not reached
"
1528161195.1836271,-121.74820709,38.53750228,6900,-125,0.00,"not reached
"
1528161195.7287993,-121.74820709,38.53750610,6900,-126,0.00,"not reached
"
1528161196.2739153,-121.74820709,38.53750610,4800,-133,0.00,"not reached
"
1528161196.819136,-121.74819946,38.53750228,7900,-142,0.00,"not reached
"
1528161197.3645604,-121.74819946,38.53750228,7900,-159,0.00,"not reached
"
1528161197.905024,-121.74819946,38.53750228,7900,-161,0.00,"not reached
"
1528161198.4501493,-121.74819946,38.53750228,7900,-162,0.00,"not reached
"
1528161198.99903,-121.74819946,38.53750228,1800,-162,0.00,"not reached
"
1528161199.5407114,-121.74819946,38.53750228,1800,-162,0.00,"not reached
"
1528161200.0857735,-121.74819946,38.53750228,1000,-162,0.00,"not reached
"
1528161200.6309247,-121.74819946,38.53750228,1000,-161,0.65,"not reached
"
1528161201.175989,-121.74819946,38.53750228,500,-162,0.65,"not reached
"
1528161201.7214112,-121.74819946,38.53750228,1600,-161,0.65,"not reached
"
1528161202.2666774,-121.74819946,38.53750228,1600,-162,0.65,"not reached
"
1528161202.812134,-121.74819183,38.53750228,700,-162,0.65,"not reached
"
1528161203.352533,-121.74819183,38.53750228,700,-161,0.65,"not reached
"
1528161203.897511,-121.74819183,38.53750228,300,-162,0.00,"not reached
"
1528161204.4427607,-121.74819183,38.53750228,300,-162,0.00,"not reached
"
1528161204.9877617,-121.74819183,38.53750228,400,-160,0.00,"not reached
"
1528161205.5327833,-121.74819183,38.53750228,400,-152,0.00,"not reached
"
1528161206.077873,-121.74819946,38.53750228,900,-143,0.00,"not reached
"
1528161206.6231556,-121.74819183,38.53750228,900,-131,0.00,"not reached
"
1528161207.168509,-121.74819183,38.53750228,400,-124,0.65,"not reached
"
1528161207.7138596,-121.74819183,38.53750228,400,-121,0.65,"not reached
"
1528161208.2553604,-121.74819183,38.53750228,200,-118,0.65,"not reached
"
1528161208.8003635,-121.74819183,38.53750228,400,-111,0.65,"not reached
"
1528161209.3455417,-121.74819183,38.53750228,400,-104,0.65,"not reached
"
1528161209.8925872,-121.74819183,38.53750228,300,-104,0.65,"not reached
"
1528161210.4356513,-121.74819183,38.53750228,300,-104,0.65,"not reached
"
1528161210.9759037,-121.74819183,38.53750228,400,-104,0.65,"not reached
"
1528161211.5247061,-121.74819183,38.53750228,400,-104,0.65,"not reached
"
1528161212.0699039,-121.74819183,38.53750228,400,-104,0.65,"not reached
"
1528161212.611576,-121.74819183,38.53750228,400,-104,0.65,"not reached
"
1528161213.1566308,-121.74819183,38.53750228,100,-104,0.65,"not reached
"
1528161213.701724,-121.74819183,38.53750228,100,-104,0.65,"not reached
"
1528161214.2466614,-121.74819183,38.53750228,200,-104,0.65,"not reached
"
1528161214.79173,-121.74819183,38.53750228,100,-104,0.65,"not reached
"
1528161215.3366315,-121.74819183,38.53750228,100,-104,0.65,"not reached
"
1528161215.8816307,-121.74819183,38.53750228,100,-104,1.30,"not reached
"
1528161216.4264581,-121.74819183,38.53750228,200,-104,1.30,"not reached
"
1528161216.971722,-121.74819183,38.53750228,100,-104,1.30,"not reached
"
1528161217.511975,-121.74819183,38.53750228,100,-104,1.30,"not reached
"
1528161218.0568147,-121.74819183,38.53750228,200,-104,1.30,"not reached
"
1528161218.601854,-121.74819183,38.53750228,200,-104,1.30,"not reached
"
1528161219.1466305,-121.74819183,38.53750228,100,-104,0.65,"not reached
"
1528161219.6916473,-121.74819183,38.53750228,100,-104,0.65,"not reached
"
1528161220.2366302,-121.74819183,38.53750228,100,-104,0.65,"not reached
"
1528161220.7813292,-121.74819183,38.53750228,100,-104,0.65,"not reached
"
1528161221.3230062,-121.74819183,38.53750228,300,-104,0.65,"not reached
"
1528161221.8678496,-121.74819183,38.53750228,200,-104,0.65,"not reached
"
1528161222.4128985,-121.74819183,38.53750228,200,-104,0.65,"not reached
"
1528161222.9589689,-121.74819183,38.53750228,300,-104,0.65,"not reached
"
1528161223.5027766,-121.74819183,38.53750228,300,-104,0.65,"not reached
"
1528161224.0476875,-121.74819183,38.53750228,200,-104,0.65,"not reached
"
1528161224.5926878,-121.74819183,38.53750228,200,-104,0.65,"not reached
"
1528161225.1375527,-121.74819183,38.53750228,200,-103,1.30,"not reached
"
1528161225.6825106,-121.74819183,38.53750228,200,-104,1.30,"not reached
"
1528161226.2276514,-121.74819183,38.53750228,100,-104,1.30,"not reached
"
1528161226.7728667,-121.74819183,38.53750228,100,-104,1.30,"not reached
"
1528161227.3168504,-121.74819183,38.53750228,100,-103,1.30,"not reached
"
1528161227.8583984,-121.74819183,38.53750228,100,-103,1.30,"not reached
"
1528161228.4032362,-121.74819183,38.53750228,100,-103,1.30,"not reached
"
1528161228.9480808,-121.74819183,38.53750228,100,-103,1.30,"not reached
"
1528161229.493124,-121.74819183,38.53750228,100,-104,1.30,"not reached
"
1528161230.0379996,-121.74819183,38.53750228,200,-104,1.30,"not reached
"
1528161230.5828857,-121.74819183,38.53750228,200,-104,1.30,"not reached
"
1528161231.127898,-121.74819183,38.53750228,200,-103,1.30,"not reached
"
1528161231.6730993,-121.74819183,38.53750228,200,-103,1.30,"not reached
"
1528161232.2144716,-121.74819183,38.53750228,200,-103,1.30,"not reached
"
1528161232.7594185,-121.74819183,38.53750228,200,-103,1.30,"not reached
"
1528161233.3043096,-121.74819183,38.53750228,0,-104,1.30,"not reached
"
1528161233.849313,-121.74819183,38.53750228,100,-102,1.30,"not reached
"
1528161234.3943782,-121.74819183,38.53750228,100,-103,1.30,"not reached
"
1528161234.9356515,-121.74819183,38.53750228,0,-103,1.30,"not reached
"
1528161235.4802334,-121.74819183,38.53750228,0,-100,1.30,"not reached
"
1528161236.028726,-121.74819183,38.53750228,100,-93,1.30,"not reached
"
1528161236.5701518,-121.74819183,38.53750228,100,-85,1.30,"not reached
"
1528161237.1150527,-121.74819183,38.53750228,100,-70,1.30,"not reached
"
1528161237.6599026,-121.74819946,38.53750228,100,-27,1.30,"not reached
"
1528161238.204731,-121.74819946,38.53750228,100,-33,1.30,"not reached
"
1528161238.745744,-121.74819946,38.53750228,0,-36,1.30,"not reached
"
1528161239.2907772,-121.74819946,38.53750228,0,-48,1.30,"not reached
"
1528161239.839368,-121.74819946,38.53750228,200,-66,1.30,"not reached
"
1528161240.3842638,-121.74819946,38.53750228,200,-76,1.30,"not reached
"
1528161240.9256732,-121.74819946,38.53750228,200,-77,1.30,"not reached
"
1528161241.4706671,-121.74819946,38.53750228,200,-78,1.30,"not reached
"
1528161242.0156586,-121.74819946,38.53749847,100,-78,1.30,"not reached
"
1528161242.560627,-121.74819946,38.53749847,100,-77,1.30,"not reached
"
1528161243.1056225,-121.74819946,38.53749847,100,-77,1.30,"not reached
"
1528161243.6505086,-121.74819946,38.53749847,100,-77,1.96,"not reached
"
1528161244.1955366,-121.74819946,38.53749847,200,-77,1.96,"not reached
"
1528161244.7405064,-121.74819946,38.53749847,200,-77,1.96,"not reached
"
1528161245.2854002,-121.74819946,38.53749847,100,-78,1.96,"not reached
"
1528161245.826973,-121.74819946,38.53749847,100,-78,1.96,"not reached
"
1528161246.3720303,-121.74819946,38.53749847,100,-78,1.30,"not reached
"
1528161246.9166982,-121.74819946,38.53749847,300,-78,1.30,"not reached
"
1528161247.4617085,-121.74819946,38.53749847,300,-78,1.30,"not reached
"
1528161248.0064788,-121.74819946,38.53749847,100,-78,1.30,"not reached
"
1528161248.5516846,-121.74819946,38.53749847,100,-78,1.30,"not reached
"
1528161249.0964687,-121.74819946,38.53749847,100,-78,1.30,"not reached
"
1528161249.641514,-121.74819946,38.53749847,100,-78,1.30,"not reached
"
1528161250.1863475,-121.74819946,38.53749847,100,-78,1.30,"not reached
"
1528161250.7314496,-121.74819946,38.53749847,100,-78,1.30,"not reached
"
1528161251.2714746,-121.74819946,38.53749847,0,-78,1.30,"not reached
"
1528161251.8165247,-121.74819946,38.53749847,100,-78,1.30,"not reached
"
1528161252.3615987,-121.74819946,38.53749847,100,-78,1.30,"not reached
"
1528161252.9065244,-121.74819946,38.53749847,100,-78,1.30,"not reached
"
1528161253.4517906,-121.74819946,38.53749847,100,-79,1.30,"not reached
"
1528161253.9964073,-121.74819946,38.53749847,200,-79,1.30,"not reached
"
1528161254.5378337,-121.74819946,38.53749847,200,-79,1.30,"not reached
"
1528161255.0837505,-121.74819946,38.53749847,200,-79,1.30,"not reached
"
1528161255.6321747,-121.74819946,38.53749847,200,-89,0.65,"not reached
"
1528161256.173663,-121.74819946,38.53749847,100,-90,0.65,"not reached
"
1528161256.7186058,-121.74819946,38.53749847,100,-94,0.65,"not reached
"
1528161257.2674143,-121.74819946,38.53749847,100,-108,0.65,"not reached
"
1528161257.8077126,-121.74819946,38.53749847,100,-116,0.65,"not reached
"
1528161258.35261,-121.74819946,38.53749847,100,-116,0.65,"not reached
"
1528161258.897502,-121.74819946,38.53749847,100,-121,1.30,"not reached
"
1528161259.442558,-121.74819946,38.53749847,100,-122,1.30,"not reached
"
1528161259.9874294,-121.74819946,38.53749847,100,-123,1.30,"not reached
"
1528161260.5323386,-121.74819946,38.53749847,100,-125,1.30,"not reached
"
1528161261.0776317,-121.74819946,38.53749847,100,-127,1.30,"not reached
"
1528161261.6229093,-121.74819946,38.53749847,100,-137,1.30,"not reached
"
1528161262.1644354,-121.74819946,38.53749847,100,-167,1.30,"not reached
"
1528161262.7094262,-121.74819946,38.53749847,100,-156,1.30,"not reached
"
1528161263.2543263,-121.74819946,38.53749847,100,-152,1.30,"not reached
"
1528161263.7993267,-121.74819946,38.53749847,100,-151,1.30,"not reached
"
1528161264.3445318,-121.74819946,38.53749847,100,-143,1.30,"not reached
"
1528161264.8892255,-121.74819946,38.53749847,200,-144,1.96,"not reached
"
1528161265.4331484,-121.74819946,38.53749847,200,-145,1.96,"not reached
"
1528161265.978235,-121.74819946,38.53749847,200,-149,1.96,"not reached
"
1528161266.523423,-121.74819946,38.53749847,100,-154,1.96,"not reached
"
1528161267.064811,-121.74819946,38.53749847,200,-156,1.96,"not reached
"
1528161267.6096838,-121.74819946,38.53749847,200,-156,1.96,"not reached
"
1528161268.15477,-121.74819946,38.53749847,0,-155,1.30,"not reached
"
1528161268.6995258,-121.74819946,38.53749847,0,-151,1.30,"not reached
"
1528161269.244561,-121.74819946,38.53749847,100,-149,1.30,"not reached
"
1528161269.7896204,-121.74819946,38.53749847,100,-147,1.30,"not reached
"
1528161270.3346798,-121.74819946,38.53749847,100,-147,1.30,"not reached
"
1528161270.8795307,-121.74819946,38.53749847,100,-148,1.96,"not reached
"
1528161271.4249747,-121.74819946,38.53749847,100,-149,1.96,"not reached
"
1528161271.9663625,-121.74819946,38.53749847,200,-149,1.96,"not reached
"
1528161272.5115771,-121.74819946,38.53749847,200,-150,1.96,"not reached
"
1528161273.0562127,-121.74819946,38.53749847,300,-151,1.96,"not reached
"
1528161273.6010954,-121.74819946,38.53749847,300,-151,1.96,"not reached
"
1528161274.1459508,-121.74819946,38.53749847,100,-151,1.96,"not reached
"
1528161274.6910505,-121.74819946,38.53749847,100,-151,1.96,"not reached
"
1528161275.2359757,-121.74819946,38.53749847,200,-151,1.96,"not reached
"
1528161275.7799323,-121.74819946,38.53749847,200,-151,1.96,"not reached
"
1528161276.3215156,-121.74819946,38.53749847,100,-151,1.96,"not reached
"
1528161276.8702495,-121.74819946,38.53749847,100,-152,1.30,"not reached
"
1528161277.4119143,-121.74819946,38.53749847,100,-151,1.30,"not reached
"
1528161277.9564571,-121.74819946,38.53749847,0,-151,1.30,"not reached
"
1528161278.501495,-121.74819946,38.53749847,0,-152,1.30,"not reached
"
1528161279.0465205,-121.74819946,38.53749847,0,-152,1.30,"not reached
"
1528161279.5877619,-121.74819946,38.53749847,0,-152,1.30,"not reached
"
1528161280.1363251,-121.74819946,38.53749847,100,-152,1.30,"not reached
"
1528161280.6815135,-121.74819946,38.53749847,100,-153,1.30,"not reached
"
1528161281.2229424,-121.74819946,38.53749847,100,-153,1.30,"not reached
"
1528161281.7716658,-121.74819946,38.53749847,100,-153,1.30,"not reached
"
1528161282.3131056,-121.74819946,38.53749847,400,-153,1.30,"not reached
"
1528161282.8580782,-121.74819946,38.53749847,300,-153,1.30,"not reached
"
1528161283.403157,-121.74819946,38.53749847,300,-153,0.65,"not reached
"
1528161283.948089,-121.74819946,38.53749847,200,-153,0.65,"not reached
"
1528161284.4931345,-121.74819946,38.53749847,200,-153,0.65,"not reached
"
1528161285.0378942,-121.74819946,38.53749847,100,-153,0.65,"not reached
"
1528161285.5830085,-121.74819946,38.53749847,100,-153,0.65,"not reached
"
1528161286.126906,-121.74819946,38.53749847,300,-153,0.65,"not reached
"
1528161286.6684513,-121.74819946,38.53749847,300,-153,0.65,"not reached
"
1528161287.213569,-121.74819946,38.53749847,300,-153,0.65,"not reached
"
1528161287.758494,-121.74819946,38.53749847,100,-153,0.65,"not reached
"
1528161288.303393,-121.74819946,38.53749847,100,-152,0.65,"not reached
"
1528161288.8483908,-121.74819946,38.53749847,100,-153,0.65,"not reached
"
1528161289.3932977,-121.74819946,38.53749847,100,-153,0.65,"not reached
"
1528161289.9345555,-121.74819946,38.53749847,0,-152,0.65,"not reached
"
1528161290.4806669,-121.74819946,38.53749847,0,-153,0.65,"not reached
"
1528161291.0242443,-121.74819946,38.53749847,0,-153,0.65,"not reached
"
1528161291.5691454,-121.74819946,38.53749847,0,-153,0.65,"not reached
"
1528161292.1180906,-121.74819946,38.53749465,100,-153,0.65,"not reached
"
1528161292.6596045,-121.74819946,38.53749465,100,-153,0.65,"not reached
"
1528161293.2043433,-121.74819946,38.53749465,0,-153,0.65,"not reached
"
1528161293.7456174,-121.74819946,38.53749465,0,-153,0.65,"not reached
"
1528161294.2942102,-121.74819946,38.53749465,300,-153,0.65,"not reached
"
1528161294.8392038,-121.74819946,38.53749465,300,-153,0.65,"not reached
"
1528161295.384122,-121.74819946,38.53749465,300,-153,1.30,"not reached
"
1528161295.9293835,-121.74819946,38.53749465,300,-154,1.30,"not reached
"
1528161296.4746494,-121.74819946,38.53749465,200,-154,1.30,"not reached
"
1528161297.0149405,-121.74819946,38.53749465,200,-156,1.30,"not reached
"
1528161297.5598636,-121.74819946,38.53749465,200,-159,1.30,"not reached
"
1528161298.1048799,-121.74819946,38.53749465,700,-134,1.30,"not reached
"
1528161298.6498964,-121.74819946,38.53749465,700,-115,0.65,"not reached
"
1528161299.1950037,-121.74819946,38.53749465,400,-120,0.65,"not reached
"
1528161299.739903,-121.74819946,38.53749465,400,-121,0.65,"not reached
"
1528161300.2852337,-121.74819946,38.53749465,200,-122,0.65,"not reached
"
1528161300.8301785,-121.74819946,38.53749465,200,-123,0.65,"not reached
"
1528161301.375804,-121.74819946,38.53749465,500,-124,1.30,"not reached
"
1528161301.9168682,-121.74819946,38.53749465,900,-126,1.30,"not reached
"
1528161302.4618597,-121.74819946,38.53749465,900,-137,1.30,"not reached
"
1528161303.0106213,-121.74819946,38.53749465,1100,-165,1.30,"not reached
"
1528161303.5521626,-121.74819946,38.53749465,1100,-179,1.30,"not reached
"
1528161304.096847,-121.74819946,38.53749465,3000,169,1.30,"not reached
"
1528161304.6407332,-121.74819946,38.53749465,3000,143,1.30,"not reached
"
1528161305.185775,-121.74819946,38.53749465,1300,136,1.30,"not reached
"
1528161305.7309837,-121.74819946,38.53749465,1300,137,1.30,"not reached
"
1528161306.27253,-121.74819946,38.53749465,100,136,1.30,"not reached
"
1528161306.8175151,-121.74819946,38.53749465,2000,135,1.30,"not reached
"
1528161307.3625872,-121.74819946,38.53749465,2000,123,1.96,"not reached
"
1528161307.9074714,-121.74819946,38.53749465,900,112,1.96,"not reached
"
1528161308.4523735,-121.74819946,38.53749465,900,110,1.96,"not reached
"
1528161308.9972458,-121.74819946,38.53749465,400,109,1.96,"not reached
"
1528161309.5423136,-121.74819946,38.53749465,400,109,1.96,"not reached
"
1528161310.0873127,-121.74819946,38.53749465,200,109,1.96,"not reached
"
1528161310.628764,-121.74819946,38.53749465,200,110,1.96,"not reached
"
1528161311.1736052,-121.74819946,38.53749465,200,110,1.96,"not reached
"
1528161311.718724,-121.74819946,38.53749465,200,110,1.96,"not reached
"
1528161312.263727,-121.74819946,38.53749465,100,111,1.96,"not reached
"
1528161312.808638,-121.74819946,38.53749465,100,111,1.96,"not reached
"
1528161313.3536634,-121.74819946,38.53749465,200,111,1.96,"not reached
"
1528161313.8986762,-121.74819946,38.53749465,200,112,1.96,"not reached
"
1528161314.4436834,-121.74819946,38.53749465,200,111,1.96,"not reached
"
1528161314.9886293,-121.74819946,38.53749465,300,111,1.96,"not reached
"
1528161315.5288737,-121.74819946,38.53749465,300,110,1.96,"not reached
"
1528161316.0739534,-121.74819946,38.53749465,200,108,1.96,"not reached
"
1528161316.618953,-121.74819946,38.53749465,200,107,1.96,"not reached
"
1528161317.163824,-121.74819946,38.53749465,200,108,1.96,"not reached
"
1528161317.7088025,-121.74819946,38.53749465,200,109,1.96,"not reached
"
1528161318.2538784,-121.74819946,38.53749465,100,108,1.96,"not reached
"
1528161318.7987618,-121.74819946,38.53749465,200,108,1.96,"not reached
"
1528161319.3436959,-121.74819946,38.53749465,200,109,1.96,"not reached
"
1528161319.8855126,-121.74819946,38.53749465,200,109,1.30,"not reached
"
1528161320.434719,-121.74819946,38.53749465,200,111,1.30,"not reached
"
1528161320.9749932,-121.74819946,38.53749465,200,113,1.30,"not reached
"
1528161321.5199127,-121.74819946,38.53749465,200,113,1.30,"not reached
"
1528161322.0649261,-121.74819946,38.53749465,100,116,1.30,"not reached
"
1528161322.6099315,-121.74819946,38.53749465,100,117,1.96,"not reached
"
1528161323.1548507,-121.74819946,38.53749465,500,121,1.96,"not reached
"
1528161323.700067,-121.74819946,38.53749465,500,125,1.96,"not reached
"
1528161324.244967,-121.74819946,38.53749465,400,122,1.96,"not reached
"
1528161324.7899945,-121.74819946,38.53749465,400,120,1.96,"not reached
"
1528161325.3350003,-121.74819946,38.53749465,300,118,1.96,"not reached
"
1528161325.8765438,-121.74819946,38.53749465,300,107,2.61,"not reached
"
1528161326.4217687,-121.74819946,38.53749465,100,102,2.61,"not reached
"
1528161326.966565,-121.74819946,38.53749465,400,103,2.61,"not reached
"
1528161327.5116813,-121.74819946,38.53749465,400,115,2.61,"not reached
"
1528161328.056399,-121.74819946,38.53749465,400,121,2.61,"not reached
"
1528161328.601314,-121.74819946,38.53749465,400,121,2.61,"not reached
"
1528161329.1464589,-121.74819946,38.53749465,3100,120,3.26,"not reached
"
1528161329.6914194,-121.74819946,38.53749465,3100,121,3.26,"not reached
"
1528161330.2363625,-121.74819946,38.53749465,6500,125,3.26,"not reached
"
1528161330.7816823,-121.74819183,38.53750228,6500,128,3.26,"not reached
"
1528161331.326889,-121.74819183,38.53750228,8900,131,3.26,"not reached
"
1528161331.870893,-121.74819183,38.53750228,13000,134,1.96,"not reached
"
1528161332.4124553,-121.74819183,38.53750228,13000,147,1.96,"not reached
"
1528161332.9573925,-121.74818420,38.53750610,10400,-179,1.96,"not reached
"
1528161333.5024085,-121.74818420,38.53750610,10400,-135,1.96,"not reached
"
1528161334.0473223,-121.74818420,38.53750610,500,-122,1.96,"not reached
"
1528161334.5922387,-121.74818420,38.53750610,500,-124,1.96,"not reached
"
1528161335.1375687,-121.74818420,38.53750610,5700,-126,1.96,"not reached
"
1528161335.6826856,-121.74818420,38.53750610,5700,-127,1.96,"not reached
"
1528161336.2279236,-121.74817657,38.53750610,10600,-125,1.96,"not reached
"
1528161336.77305,-121.74817657,38.53751373,10600,-125,1.96,"not reached
"
1528161337.317052,-121.74817657,38.53751373,16100,-127,1.96,"not reached
"
1528161337.8623652,-121.74816894,38.53751754,16100,-137,2.61,"not reached
"
1528161338.4037616,-121.74816894,38.53751754,8700,-152,2.61,"not reached
"
1528161338.952531,-121.74816131,38.53752136,11500,-146,2.61,"not reached
"
1528161339.494042,-121.74816131,38.53752136,11500,-142,2.61,"not reached
"
1528161340.039097,-121.74815368,38.53752136,13000,-139,2.61,"not reached
"
1528161340.5840185,-121.74815368,38.53752136,13000,-139,2.61,"not reached
"
1528161341.1279116,-121.74814605,38.53752136,5000,-139,2.61,"not reached
"
1528161341.6730797,-121.74814605,38.53752136,5000,-138,2.61,"not reached
"
1528161342.2183602,-121.74814605,38.53752136,1900,-138,2.61,"not reached
"
1528161342.7636242,-121.74814605,38.53752136,1900,-138,2.61,"not reached
"
1528161343.3052175,-121.74814605,38.53752136,1900,-138,2.61,"not reached
"
1528161343.8500645,-121.74814605,38.53752136,1900,-137,2.61,"not reached
"
1528161344.395174,-121.74814605,38.53752136,1100,-137,1.96,"not reached
"
1528161344.9400587,-121.74814605,38.53751754,1200,-138,1.96,"not reached
"
1528161345.484061,-121.74814605,38.53751754,1200,-140,1.96,"not reached
"
1528161346.0295446,-121.74814605,38.53751754,1200,-151,1.96,"not reached
"
1528161346.5707796,-121.74814605,38.53751754,200,173,1.96,"not reached
"
1528161347.115792,-121.74814605,38.53751754,1400,163,0.65,"not reached
"
1528161347.6607375,-121.74814605,38.53751754,1400,159,0.65,"not reached
"
1528161348.205659,-121.74814605,38.53751754,1300,157,0.65,"not reached
"
1528161348.7506924,-121.74814605,38.53751754,1300,153,0.65,"not reached
"
1528161349.295592,-121.74814605,38.53751754,1300,157,0.65,"not reached
"
1528161349.8407705,-121.74814605,38.53752136,1300,153,0.65,"not reached
"
1528161350.3811285,-121.74814605,38.53752136,1200,153,0.00,"not reached
"
1528161350.926364,-121.74814605,38.53752136,1200,154,0.00,"not reached
"
1528161351.471243,-121.74814605,38.53752136,900,157,0.00,"not reached
"
1528161352.016177,-121.74814605,38.53752136,1500,163,0.00,"not reached
"
1528161352.561062,-121.74814605,38.53752136,1500,160,0.00,"not reached
"
1528161353.105928,-121.74814605,38.53752136,300,161,0.65,"not reached
"
1528161353.6509416,-121.74814605,38.53752136,300,168,0.65,"not reached
"
1528161354.1959393,-121.74814605,38.53752136,1900,180,0.65,"not reached
"
1528161354.7410455,-121.74814605,38.53752136,1900,-179,0.65,"not reached
"
1528161355.2862535,-121.74814605,38.53752136,2500,-157,0.65,"not reached
"
1528161355.8316436,-121.74813842,38.53752136,2500,-151,0.65,"not reached
"
1528161356.3767545,-121.74813842,38.53752136,3800,-140,2.61,"not reached
"
1528161356.9220214,-121.74813842,38.53751754,10000,-133,2.61,"not reached
"
1528161357.4660678,-121.74813842,38.53751754,10000,-134,2.61,"not reached
"
1528161358.011384,-121.74813079,38.53752136,12400,-108,2.61,"not reached
"
1528161358.5528352,-121.74813079,38.53752136,12400,-88,2.61,"not reached
"
1528161359.0977309,-121.74812316,38.53752517,11500,-70,2.61,"not reached
"
1528161359.6429408,-121.74812316,38.53752517,11500,-55,2.61,"not reached
"
1528161360.1877568,-121.74811553,38.53752899,10200,-26,2.61,"not reached
"
1528161360.7329266,-121.74811553,38.53753662,10200,-31,2.61,"not reached
"
1528161361.2781873,-121.74811553,38.53753662,11900,-39,2.61,"not reached
"
1528161361.822263,-121.74810028,38.53754425,11900,-46,2.61,"not reached
"
1528161362.3673494,-121.74810028,38.53754425,11000,-45,3.26,"not reached
"
1528161362.9089234,-121.74810028,38.53755187,13400,-37,3.26,"not reached
"
1528161363.4539323,-121.74810028,38.53755187,13400,-36,3.26,"not reached
"
1528161363.9989996,-121.74810028,38.53755569,14200,-36,3.26,"not reached
"
1528161364.543874,-121.74810028,38.53755569,14200,-31,3.26,"not reached
"
1528161365.08881,-121.74809265,38.53756332,14700,-29,3.26,"not reached
"
1528161365.6339984,-121.74809265,38.53756332,14700,-22,2.61,"not reached
"
1528161366.179023,-121.74809265,38.53757095,20200,-23,2.61,"not reached
"
1528161366.7231548,-121.74809265,38.53757858,20200,-23,2.61,"not reached
"
1528161367.2682374,-121.74809265,38.53757858,18900,-24,2.61,"not reached
"
1528161367.8098068,-121.74809265,38.53758621,20200,-30,2.61,"not reached
"
1528161368.3587039,-121.74809265,38.53758621,20200,-31,2.61,"not reached
"
1528161368.90008,-121.74809265,38.53759765,20400,-40,2.61,"not reached
"
1528161369.4449992,-121.74809265,38.53759765,20400,-51,2.61,"not reached
"
1528161369.9900253,-121.74808502,38.53760910,23300,-54,2.61,"not reached
"
1528161370.5350409,-121.74808502,38.53760910,23300,-58,2.61,"not reached
"
1528161371.080187,-121.74808502,38.53761672,23300,-54,2.61,"not reached
"
1528161371.62409,-121.74808502,38.53761672,28200,-60,3.91,"not reached
"
1528161372.7148695,-121.74807739,38.53763198,30700,-75,3.91,waypoint 1 reached!38.53763198
1528161373.2602377,-121.74806976,38.53763961,23600,-141,3.91,"not reached
"
1528161373.8041666,-121.74806213,38.53764724,23600,-142,3.91,"not reached
"
1528161374.3457117,-121.74806213,38.53764724,21600,-155,3.91,"not reached
"
1528161374.8943048,-121.74804687,38.53764724,17900,-132,6.52,"not reached
"
1528161375.4341764,-121.74804687,38.53764724,17900,-134,6.52,"not reached
"
1528161375.977249,-121.74803924,38.53763961,17900,-140,6.52,"not reached
"
1528161376.519227,-121.74803924,38.53763961,12900,-141,6.52,"not reached
"
1528161377.0625396,-121.74803924,38.53763961,11400,-135,6.52,"not reached
"
1528161377.6055896,-121.74803924,38.53763961,11400,-145,5.87,"not reached
"
1528161378.1488721,-121.74803161,38.53763580,10300,-144,5.87,"not reached
"
1528161378.6921265,-121.74803161,38.53763580,10300,-143,5.87,"not reached
"
1528161379.2353613,-121.74802398,38.53763198,10200,-141,5.87,"not reached
"
1528161379.7774968,-121.74801635,38.53763198,10200,-122,5.87,"not reached
"
1528161380.3171375,-121.74801635,38.53763198,8000,-124,5.87,"not reached
"
1528161380.860591,-121.74801635,38.53762817,8000,-124,5.21,"not reached
"
1528161381.4037058,-121.74801635,38.53762817,8000,-126,5.21,"not reached
"
1528161381.9472046,-121.74801635,38.53762817,7000,-129,5.21,"not reached
"
1528161382.4906478,-121.74801635,38.53762817,7000,-152,5.21,"not reached
"
1528161383.0292463,-121.74801635,38.53762435,6600,-158,5.21,"not reached
"
1528161383.5763345,-121.74801635,38.53762435,6600,-157,4.56,"not reached
"
1528161384.1161683,-121.74800872,38.53762435,7000,-158,4.56,"not reached
"
1528161384.6596835,-121.74800872,38.53762435,7000,-161,4.56,"not reached
"
1528161385.202871,-121.74800872,38.53761672,6900,-165,4.56,"not reached
"
1528161385.746335,-121.74800872,38.53761672,6900,-156,4.56,"not reached
"
1528161386.2896929,-121.74800872,38.53761672,6200,-158,4.56,"not reached
"
1528161386.8334498,-121.74800109,38.53761672,6000,-165,4.56,"not reached
"
1528161387.3770611,-121.74800109,38.53761672,6000,-155,4.56,"not reached
"
1528161387.9195712,-121.74800109,38.53761672,5200,-152,4.56,"not reached
"
1528161388.4634426,-121.74800109,38.53761672,5200,-151,4.56,"not reached
"
1528161389.0034575,-121.74799346,38.53761291,4900,-136,4.56,"not reached
"
1528161389.5470755,-121.74799346,38.53761291,4900,-114,4.56,"not reached
"
1528161390.0905535,-121.74799346,38.53761672,4200,-110,3.91,"not reached
"
1528161390.6340556,-121.74799346,38.53761672,4200,-111,3.91,"not reached
"
1528161391.1778355,-121.74799346,38.53761672,3800,-122,3.91,"not reached
"
1528161391.7217836,-121.74798583,38.53761672,3800,-126,3.91,"not reached
"
1528161392.26467,-121.74798583,38.53761672,5300,-136,3.91,"not reached
"
1528161392.808266,-121.74798583,38.53761672,7000,-136,5.21,"not reached
"
1528161393.352248,-121.74798583,38.53761672,7000,-139,5.21,"not reached
"
1528161393.892537,-121.74798583,38.53761291,7500,-134,5.21,"not reached
"
1528161394.436476,-121.74798583,38.53761291,7500,-129,5.21,"not reached
"
1528161394.9799438,-121.74797821,38.53761291,7700,-129,5.21,"not reached
"
1528161395.5237522,-121.74797821,38.53761291,7700,-129,5.21,"not reached
"
1528161396.0677361,-121.74797058,38.53760910,8500,-137,5.21,"not reached
"
1528161396.6115549,-121.74797058,38.53760910,8500,-138,5.21,"not reached
"
1528161397.1543508,-121.74797058,38.53760910,7700,-137,5.21,"not reached
"
1528161397.6983044,-121.74797058,38.53760910,7700,-141,5.21,"not reached
"
1528161398.238691,-121.74797058,38.53760910,6800,-143,5.21,"not reached
"
1528161398.7862933,-121.74796295,38.53760910,6300,-150,5.21,"not reached
"
1528161399.326812,-121.74796295,38.53760910,6300,-144,5.21,"not reached
"
1528161399.8705428,-121.74796295,38.53760910,5300,-144,5.21,"not reached
"
1528161400.4144945,-121.74796295,38.53760910,5300,-143,5.21,"not reached
"
1528161400.958437,-121.74796295,38.53760910,5300,-143,5.21,"not reached
"
1528161401.5022972,-121.74796295,38.53760910,4100,-143,5.21,"not reached
"
1528161402.0453894,-121.74797058,38.53760910,3100,-143,4.56,"not reached
"
1528161402.5895226,-121.74797058,38.53760910,3100,-136,4.56,"not reached
"
1528161403.1336675,-121.74797058,38.53760910,2500,-135,4.56,"not reached
"
1528161403.6779935,-121.74797058,38.53760910,2500,-135,4.56,"not reached
"
1528161404.2185585,-121.74797058,38.53760910,1900,-129,4.56,"not reached
"
1528161404.762512,-121.74797058,38.53760910,1300,-127,4.56,"not reached
"
1528161405.3066533,-121.74797058,38.53760910,1300,-126,4.56,"not reached
"
1528161405.8506236,-121.74796295,38.53760910,1300,-124,4.56,"not reached
"
1528161406.3936222,-121.74796295,38.53760910,1100,-123,4.56,"not reached
"
1528161406.9379692,-121.74796295,38.53760910,2800,-121,4.56,"not reached
"
1528161407.4822874,-121.74796295,38.53760910,2800,-122,4.56,"not reached
"
1528161408.0265968,-121.74796295,38.53760910,4300,-127,3.26,"not reached
"
1528161408.5708776,-121.74796295,38.53760910,4300,-131,3.26,"not reached
"
1528161409.1104264,-121.74796295,38.53760910,5300,-132,3.26,"not reached
"
1528161409.654646,-121.74796295,38.53760910,5300,-133,3.26,"not reached
"
1528161410.1988847,-121.74796295,38.53760910,5300,-152,3.26,"not reached
"
1528161410.7428992,-121.74795532,38.53761291,5300,-161,3.26,"not reached
"
1528161411.2872052,-121.74795532,38.53761291,4400,-163,3.91,"not reached
"
1528161411.8316667,-121.74795532,38.53760910,3700,-162,3.91,"not reached
"
1528161412.376094,-121.74795532,38.53760910,3700,-151,3.91,"not reached
"
1528161412.919202,-121.74795532,38.53760910,3800,-152,3.91,"not reached
"
1528161413.4636884,-121.74795532,38.53760910,3800,-154,3.91,"not reached
"
1528161414.0081484,-121.74794769,38.53760910,3300,-154,3.26,"not reached
"
1528161414.5489166,-121.74794769,38.53760910,3300,-151,3.26,"not reached
"
1528161415.093176,-121.74794769,38.53760910,2900,-151,3.26,"not reached
"
1528161415.6373441,-121.74794769,38.53760910,2900,-150,3.26,"not reached
"
1528161416.1816304,-121.74794769,38.53760910,2800,-144,3.26,"not reached
"
1528161416.7260065,-121.74794769,38.53760910,2800,-144,3.26,"not reached
"
1528161417.2691808,-121.74794769,38.53760910,2500,-134,2.61,"not reached
"
1528161417.813639,-121.74794769,38.53760910,2300,-122,2.61,"not reached
"
1528161418.3582966,-121.74794769,38.53760910,2300,-122,2.61,"not reached
"
1528161418.9027507,-121.74793243,38.53760528,2000,-118,2.61,"not reached
"
1528161419.4435196,-121.74793243,38.53760528,2000,-117,2.61,"not reached
"
1528161419.9878414,-121.74793243,38.53760528,2900,-116,2.61,"not reached
"
1528161420.5323467,-121.74793243,38.53760528,2900,-113,3.26,"not reached
"
1528161421.076442,-121.74793243,38.53760528,3800,-113,3.26,"not reached
"
1528161421.6207714,-121.74793243,38.53760528,3800,-116,3.26,"not reached
"
1528161422.1640384,-121.74793243,38.53760528,5000,-125,3.26,"not reached
"
1528161422.7086787,-121.74793243,38.53760528,5000,-139,3.26,"not reached
"
1528161423.253399,-121.74793243,38.53760528,6700,-139,3.26,"not reached
"
1528161423.7979908,-121.74792480,38.53760147,7400,-143,3.26,"not reached
"
1528161424.3376093,-121.74792480,38.53760147,7400,-144,3.26,"not reached
"
1528161424.8868914,-121.74792480,38.53759765,7900,-146,3.26,"not reached
"
1528161425.4266074,-121.74792480,38.53759765,7900,-147,3.26,"not reached
"
1528161425.9708922,-121.74792480,38.53759384,6400,-147,3.26,"not reached
"
1528161426.515299,-121.74792480,38.53759384,6400,-145,3.26,"not reached
"
1528161427.0597396,-121.74792480,38.53759384,5900,-146,3.26,"not reached
"
1528161427.604291,-121.74792480,38.53758621,5900,-146,3.26,"not reached
"
1528161428.1489713,-121.74792480,38.53758621,5500,-146,3.26,"not reached
"
1528161428.693547,-121.74792480,38.53758621,5500,-146,3.26,"not reached
"
1528161429.2382374,-121.74792480,38.53758621,5200,-146,2.61,"not reached
"
1528161429.7817142,-121.74791717,38.53758239,5200,-146,2.61,"not reached
"
1528161430.3226914,-121.74791717,38.53758239,5200,-146,2.61,"not reached
"
1528161430.8670766,-121.74791717,38.53758239,5200,-146,2.61,"not reached
"
1528161431.4115412,-121.74791717,38.53758239,4300,-146,2.61,"not reached
"
1528161431.9559746,-121.74791717,38.53758239,3800,-147,2.61,"not reached
"
1528161432.500601,-121.74791717,38.53758239,3800,-151,1.96,"not reached
"
1528161433.0453885,-121.74791717,38.53757858,3400,-155,1.96,"not reached
"
1528161433.5888445,-121.74791717,38.53757858,3400,-160,1.96,"not reached
"
1528161434.129751,-121.74791717,38.53757476,3000,-162,1.96,"not reached
"
1528161434.6742437,-121.74791717,38.53757476,3000,-170,1.96,"not reached
"
1528161435.2186618,-121.74791717,38.53757476,2400,-179,1.96,"not reached
"
1528161435.7631526,-121.74790954,38.53757476,2400,-179,1.96,"not reached
"
1528161436.3077462,-121.74790954,38.53757476,2300,-169,1.96,"not reached
"
1528161436.8521705,-121.74790954,38.53757476,2400,-163,1.96,"not reached
"
1528161437.3968484,-121.74790954,38.53757476,2400,-149,1.96,"not reached
"
1528161437.9414933,-121.74790954,38.53757476,2600,-127,1.96,"not reached
"
1528161438.4861512,-121.74790954,38.53757476,2600,-127,1.96,"not reached
"
1528161439.030815,-121.74790954,38.53757476,2800,-129,1.96,"not reached
"
1528161439.574368,-121.74790954,38.53757476,2800,-153,1.96,"not reached
"
1528161440.1191368,-121.74790954,38.53757095,2500,-179,1.96,"not reached
"
1528161440.6602325,-121.74790954,38.53757095,2500,-169,1.96,"not reached
"
1528161441.2049403,-121.74790954,38.53757095,1400,-167,1.96,"not reached
"
1528161441.7491484,-121.74790191,38.53757095,700,-169,3.26,"not reached
"
1528161442.293701,-121.74790191,38.53757095,700,-169,3.26,"not reached
"
1528161442.838247,-121.74790191,38.53757095,500,-167,3.26,"not reached
"
1528161443.38303,-121.74790191,38.53757095,500,-157,3.26,"not reached
"
1528161443.922841,-121.74790954,38.53757095,800,-145,3.26,"not reached
"
1528161444.4711163,-121.74790954,38.53757095,800,-145,3.26,"not reached
"
1528161445.0122378,-121.74790954,38.53757095,800,-145,3.26,"not reached
"
1528161445.5573792,-121.74790954,38.53757095,800,-145,3.26,"not reached
"
1528161446.101395,-121.74790191,38.53757095,1000,-145,3.26,"not reached
"
1528161446.645892,-121.74790191,38.53757476,1000,-145,3.26,"not reached
"
1528161447.190392,-121.74790191,38.53757476,1300,-145,3.26,"not reached
"
1528161447.7349973,-121.74790954,38.53757476,1500,-145,2.61,"not reached
"
1528161448.2796519,-121.74790954,38.53757476,1500,-144,2.61,"not reached
"
1528161448.8244994,-121.74790954,38.53757476,1300,-144,2.61,"not reached
"
1528161449.3695128,-121.74790954,38.53757476,1300,-144,2.61,"not reached
"
1528161449.913057,-121.74790954,38.53757476,1500,-143,2.61,"not reached
"
1528161450.4541655,-121.74790954,38.53757476,1500,-143,2.61,"not reached
"
1528161451.0024948,-121.74790954,38.53757858,1500,-142,1.96,"not reached
"
1528161451.543669,-121.74790954,38.53757858,1500,-141,1.96,"not reached
"
1528161452.0881608,-121.74790954,38.53757858,1600,-142,1.96,"not reached
"
1528161452.6327798,-121.74790954,38.53758239,1600,-141,1.96,"not reached
"
1528161453.1774068,-121.74790954,38.53758239,1600,-140,1.96,"not reached
"
1528161453.7222002,-121.74790954,38.53758239,1600,-141,1.96,"not reached
"
1528161454.267121,-121.74790954,38.53758239,400,-139,1.96,"not reached
"
1528161454.8068974,-121.74790954,38.53758239,300,-131,1.96,"not reached
"
1528161455.3517022,-121.74790954,38.53758239,300,-116,1.96,"not reached
"
1528161455.8962812,-121.74790954,38.53758239,300,-119,1.96,"not reached
"
1528161456.4408224,-121.74790954,38.53758239,400,-122,1.96,"not reached
"
1528161456.9854612,-121.74790954,38.53758239,1700,-134,2.61,"not reached
"
1528161457.5302212,-121.74790954,38.53758239,1700,-138,2.61,"not reached
"
1528161458.0747447,-121.74790954,38.53758239,2800,-143,2.61,"not reached
"
1528161458.6194413,-121.74790954,38.53758239,2800,-152,2.61,"not reached
"
1528161459.164343,-121.74790954,38.53758239,2100,-153,2.61,"not reached
"
1528161459.709239,-121.74790954,38.53758239,2100,-153,3.91,"not reached
"
1528161460.2529817,-121.74790954,38.53758239,1300,-158,3.91,"not reached
"
1528161460.7978263,-121.74790954,38.53758239,1300,-155,3.91,"not reached
"
1528161461.3389056,-121.74790954,38.53758239,500,-146,3.91,"not reached
"
1528161461.8835752,-121.74790954,38.53758239,300,-144,3.91,"not reached
"
1528161462.428236,-121.74790954,38.53758239,300,-139,3.91,"not reached
"
1528161462.9728043,-121.74790954,38.53758239,700,-129,4.56,"not reached
"
1528161463.5176303,-121.74790954,38.53758239,700,-129,4.56,"not reached
"
1528161464.0624852,-121.74790954,38.53758239,1100,-129,4.56,"not reached
"
1528161464.6062639,-121.74790954,38.53758239,1100,-129,4.56,"not reached
"
1528161465.1471696,-121.74790954,38.53758239,900,-129,4.56,"not reached
"
1528161465.6920676,-121.74790954,38.53758239,900,-129,4.56,"not reached
"
1528161466.2403598,-121.74790954,38.53758239,1100,-130,3.26,"not reached
"
1528161466.7816205,-121.74790954,38.53758239,1700,-130,3.26,"not reached
"
1528161467.3262577,-121.74790954,38.53758239,1700,-142,3.26,"not reached
"
1528161467.870841,-121.74790954,38.53758239,1500,-137,3.26,"not reached
"
1528161468.4155471,-121.74790954,38.53758239,1500,-137,3.26,"not reached
"
1528161468.9602065,-121.74790954,38.53758239,1300,-138,4.56,"not reached
"
1528161469.5050468,-121.74790954,38.53758239,1300,-134,4.56,"not reached
"
1528161470.0449505,-121.74790954,38.53758239,900,-129,4.56,"not reached
"
1528161470.594534,-121.74790954,38.53758239,900,-129,4.56,"not reached
"
1528161471.1345656,-121.74790954,38.53758239,800,-129,4.56,"not reached
"
1528161471.679156,-121.74790954,38.53758239,800,-128,4.56,"not reached
"
1528161472.2240908,-121.74790954,38.53758239,1300,-127,5.21,"not reached
"
1528161472.7687705,-121.74790954,38.53758239,1500,-132,5.21,"not reached
"
1528161473.3133729,-121.74790954,38.53758239,1500,-132,5.21,"not reached
"
1528161473.858072,-121.74790954,38.53758239,1700,-136,5.21,"not reached
"
1528161474.4029324,-121.74790954,38.53758239,1700,-143,5.21,"not reached
"
1528161474.9476528,-121.74790954,38.53758239,1200,-141,4.56,"not reached
"
1528161475.4928057,-121.74790954,38.53758239,1200,-145,4.56,"not reached
"
1528161476.0326185,-121.74790954,38.53758239,900,-142,4.56,"not reached
"
1528161476.577151,-121.74790954,38.53758239,900,-127,4.56,"not reached
"
1528161477.121958,-121.74790954,38.53758239,700,-125,4.56,"not reached
"
1528161477.6666834,-121.74790954,38.53758239,700,-124,4.56,"not reached
"
1528161478.2112238,-121.74790954,38.53758239,700,-121,4.56,"not reached
"
1528161478.7559915,-121.74790954,38.53758239,1400,-122,4.56,"not reached
"
1528161479.3007052,-121.74790954,38.53758239,1400,-131,4.56,"not reached
"
1528161479.8453798,-121.74790954,38.53758239,2300,-132,4.56,"not reached
"
1528161480.390238,-121.74790954,38.53758239,2300,-152,4.56,"not reached
"
1528161480.9315689,-121.74790954,38.53758239,2400,-155,4.56,"not reached
"
1528161481.4762528,-121.74790954,38.53758239,2400,-161,5.87,"not reached
"
1528161482.024656,-121.74790191,38.53758239,2700,-163,5.87,"not reached
"
1528161482.5659006,-121.74790191,38.53758239,2700,-179,5.87,"not reached
"
1528161483.1105273,-121.74790191,38.53758239,3000,-179,5.87,"not reached
"
1528161483.6552906,-121.74790191,38.53757858,3000,-179,5.87,"not reached
"
1528161484.1999428,-121.74790191,38.53757858,3000,-179,5.21,"not reached
"
1528161484.7445476,-121.74790191,38.53757858,2600,-179,5.21,"not reached
"
1528161485.2884808,-121.74790191,38.53757858,2600,-169,5.21,"not reached
"
1528161485.833374,-121.74790191,38.53757858,2600,-167,5.21,"not reached
"
1528161486.378249,-121.74790191,38.53757858,2100,-165,5.21,"not reached
"
1528161486.9232993,-121.74790191,38.53757476,1900,-165,5.21,"not reached
"
1528161487.4645507,-121.74790191,38.53757476,1900,-165,5.21,"not reached
"
1528161488.008026,-121.74790191,38.53757476,1700,-165,5.21,"not reached
"
1528161488.5539963,-121.74790191,38.53757476,1700,-165,5.21,"not reached
"
1528161489.097353,-121.74790191,38.53757476,1400,-167,5.21,"not reached
"
1528161489.643175,-121.74790191,38.53757476,1400,-170,5.21,"not reached
"
1528161490.187874,-121.74790191,38.53757476,800,-167,3.91,"not reached
"
1528161490.7317708,-121.74789428,38.53757476,800,-155,3.91,"not reached
"
1528161491.272685,-121.74789428,38.53757476,500,-146,3.91,"not reached
"
1528161491.817427,-121.74789428,38.53757476,500,-140,3.91,"not reached
"
1528161492.362173,-121.74789428,38.53757476,500,-141,3.91,"not reached
"
1528161492.906908,-121.74789428,38.53757476,800,-143,3.91,"not reached
"
1528161493.4516642,-121.74789428,38.53757476,800,-157,3.91,"not reached
"
1528161493.9963691,-121.74789428,38.53757476,1000,-156,3.91,"not reached
"
1528161494.5412452,-121.74789428,38.53757476,1000,-149,3.91,"not reached
"
1528161495.085762,-121.74789428,38.53757476,900,-129,3.91,"not reached
"
1528161495.6306074,-121.74789428,38.53757476,900,-121,3.91,"not reached
"
1528161496.1756377,-121.74789428,38.53757476,1100,-121,3.91,"not reached
"
1528161496.7207255,-121.74789428,38.53757476,1100,-120,3.26,"not reached
"
1528161497.2643757,-121.74789428,38.53757476,1100,-120,3.26,"not reached
"
1528161497.8057754,-121.74789428,38.53757476,900,-130,3.26,"not reached
"
1528161498.3502915,-121.74789428,38.53757476,900,-117,3.26,"not reached
"
1528161498.8951366,-121.74789428,38.53757476,1100,-138,3.26,"not reached
"
1528161499.439783,-121.74789428,38.53757476,1100,-139,2.61,"not reached
"
1528161499.9845452,-121.74789428,38.53757476,1700,-138,2.61,"not reached
"
1528161500.5294309,-121.74789428,38.53757476,1700,-137,2.61,"not reached
"
1528161501.0741758,-121.74789428,38.53757476,1400,-139,2.61,"not reached
"
1528161501.6191204,-121.74789428,38.53757476,1400,-153,2.61,"not reached
"
1528161502.1590497,-121.74789428,38.53757476,600,-162,2.61,"not reached
"
1528161502.7037756,-121.74789428,38.53757476,600,-164,3.26,"not reached
"
1528161503.2487388,-121.74789428,38.53757476,600,-162,3.26,"not reached
"
1528161503.7934732,-121.74789428,38.53757476,500,-162,3.26,"not reached
"
1528161504.3382523,-121.74789428,38.53757476,500,-162,3.26,"not reached
"
1528161504.8831306,-121.74789428,38.53757476,200,-162,3.26,"not reached
"
1528161505.4280758,-121.74789428,38.53757476,200,-160,1.96,"not reached
"
1528161505.972984,-121.74789428,38.53757476,200,-160,1.96,"not reached
"
1528161506.517927,-121.74789428,38.53757476,300,-156,1.96,"not reached
"
1528161507.0593402,-121.74789428,38.53757476,400,-165,1.96,"not reached
"
1528161507.6079807,-121.74788665,38.53757476,400,-179,1.96,"not reached
"
1528161508.1493592,-121.74788665,38.53757476,200,-171,1.96,"not reached
"
1528161508.6940696,-121.74788665,38.53757476,200,-166,2.61,"not reached
"
1528161509.2389402,-121.74788665,38.53757476,200,-163,2.61,"not reached
"
1528161509.7838097,-121.74788665,38.53757476,200,-171,2.61,"not reached
"
1528161510.328597,-121.74788665,38.53757476,200,-179,2.61,"not reached
"
1528161510.873545,-121.74788665,38.53757858,200,-168,2.61,"not reached
"
1528161511.4173152,-121.74788665,38.53757858,400,-167,2.61,"not reached
"
1528161511.9624848,-121.74788665,38.53757858,600,-148,2.61,"not reached
"
1528161512.5075667,-121.74788665,38.53757858,600,-107,2.61,"not reached
"
1528161513.0512338,-121.74788665,38.53757858,600,-111,2.61,"not reached
"
1528161513.593748,-121.74788665,38.53757858,600,-114,2.61,"not reached
"
1528161514.138808,-121.74788665,38.53757858,600,-114,2.61,"not reached
"
1528161514.6834857,-121.74788665,38.53757858,600,-120,2.61,"not reached
"
1528161515.2282531,-121.74788665,38.53757858,800,-134,2.61,"not reached
"
1528161515.7731252,-121.74788665,38.53757858,800,-134,2.61,"not reached
"
1528161516.3181214,-121.74788665,38.53757858,1300,-135,2.61,"not reached
"
1528161516.8631413,-121.74788665,38.53757858,1400,-135,2.61,"not reached
"
1528161517.4069777,-121.74788665,38.53757858,1400,-134,2.61,"not reached
"
1528161517.9520009,-121.74788665,38.53757858,1200,-135,3.91,"not reached
"
1528161518.4971204,-121.74788665,38.53757858,1200,-135,3.91,"not reached
"
1528161519.0422583,-121.74788665,38.53757858,1500,-134,3.91,"not reached
"
1528161519.5836773,-121.74788665,38.53757858,1500,-134,3.91,"not reached
"
1528161520.1284776,-121.74788665,38.53757858,900,-131,3.91,"not reached
"
1528161520.6733005,-121.74788665,38.53757858,900,-126,4.56,"not reached
"
1528161521.2180192,-121.74788665,38.53757858,600,-120,4.56,"not reached
"
1528161521.76274,-121.74788665,38.53757858,600,-120,4.56,"not reached
"
1528161522.3028643,-121.74788665,38.53757858,900,-121,4.56,"not reached
"
1528161522.851496,-121.74788665,38.53757858,1200,-122,4.56,"not reached
"
1528161523.3965628,-121.74788665,38.53757858,1200,-124,4.56,"not reached
"
1528161523.9418583,-121.74788665,38.53757858,1700,-125,3.26,"not reached
"
1528161524.4832547,-121.74788665,38.53757858,1700,-126,3.26,"not reached
"
1528161525.02806,-121.74788665,38.53757858,1800,-129,3.26,"not reached
"
1528161525.5729115,-121.74788665,38.53757858,1800,-129,3.26,"not reached
"
1528161526.1176748,-121.74788665,38.53757858,1300,-130,3.26,"not reached
"
1528161526.6624434,-121.74788665,38.53757858,1300,-129,3.26,"not reached
"
1528161527.2074797,-121.74788665,38.53757858,700,-130,2.61,"not reached
"
1528161527.7510817,-121.74788665,38.53757858,700,-131,2.61,"not reached
"
1528161528.2924414,-121.74788665,38.53757858,700,-130,2.61,"not reached
"
1528161528.8372946,-121.74788665,38.53757858,500,-130,2.61,"not reached
"
1528161529.3821623,-121.74788665,38.53757858,500,-131,2.61,"not reached
"
1528161529.9269078,-121.74788665,38.53757858,500,-131,2.61,"not reached
"
1528161530.471793,-121.74788665,38.53757858,500,-138,2.61,"not reached
"
1528161531.0165246,-121.74788665,38.53757858,400,-171,2.61,"not reached
"
1528161531.5613601,-121.74788665,38.53757858,400,165,2.61,"not reached
"
1528161532.1061807,-121.74788665,38.53757858,500,164,2.61,"not reached
"
1528161532.6475048,-121.74788665,38.53757858,500,164,2.61,"not reached
"
1528161533.1922646,-121.74788665,38.53757858,400,163,2.61,"not reached
"
1528161533.7372775,-121.74788665,38.53757858,400,161,2.61,"not reached
"
1528161534.282033,-121.74788665,38.53757858,300,160,2.61,"not reached
"
1528161534.8267715,-121.74788665,38.53757858,100,160,2.61,"not reached
"
1528161535.3717158,-121.74788665,38.53757858,100,159,2.61,"not reached
"
1528161535.916461,-121.74788665,38.53757858,100,158,3.26,"not reached
"
1528161536.4612818,-121.74788665,38.53757858,100,157,3.26,"not reached
"
1528161537.0060716,-121.74788665,38.53757858,300,157,3.26,"not reached
"
1528161537.5474477,-121.74788665,38.53757858,300,156,3.26,"not reached
"
1528161538.0924554,-121.74788665,38.53757476,500,145,3.26,"not reached
"
1528161538.636756,-121.74788665,38.53757476,500,131,3.26,"not reached
"
1528161539.181712,-121.74788665,38.53757476,600,125,2.61,"not reached
"
1528161539.726563,-121.74788665,38.53757476,800,124,2.61,"not reached
"
1528161540.2717397,-121.74788665,38.53757476,800,124,2.61,"not reached
"
1528161540.81618,-121.74788665,38.53757476,800,124,2.61,"not reached
"
1528161541.3603375,-121.74788665,38.53757476,900,123,2.61,"not reached
"
1528161541.9050877,-121.74788665,38.53757476,1100,130,2.61,"not reached
"
1528161542.4499369,-121.74788665,38.53757476,1100,133,2.61,"not reached
"
1528161542.9946449,-121.74788665,38.53757476,1000,134,2.61,"not reached
"
1528161543.5396833,-121.74788665,38.53757476,1000,135,2.61,"not reached
"
1528161544.0809891,-121.74788665,38.53757476,700,136,2.61,"not reached
"
1528161544.6256886,-121.74788665,38.53757476,700,137,2.61,"not reached
"
1528161545.1705792,-121.74788665,38.53757476,600,136,1.96,"not reached
"
1528161545.715326,-121.74788665,38.53757476,600,138,1.96,"not reached
"
1528161546.260167,-121.74788665,38.53757476,400,143,1.96,"not reached
"
1528161546.8050187,-121.74788665,38.53757476,400,146,1.96,"not reached
"
1528161547.3497584,-121.74788665,38.53757476,400,151,1.96,"not reached
"
1528161547.8946528,-121.74788665,38.53757476,300,152,1.96,"not reached
"
1528161548.4359586,-121.74788665,38.53757476,300,160,2.61,"not reached
"
1528161548.9805503,-121.74788665,38.53757476,200,180,2.61,"not reached
"
1528161549.525416,-121.74788665,38.53757476,200,180,2.61,"not reached
"
1528161550.0701342,-121.74788665,38.53757476,200,180,2.61,"not reached
"
1528161550.6148884,-121.74788665,38.53757476,200,180,2.61,"not reached
"
1528161551.1598055,-121.74788665,38.53757476,300,180,1.96,"not reached
"
1528161551.7045574,-121.74788665,38.53757476,300,180,1.96,"not reached
"
1528161552.249289,-121.74788665,38.53757476,100,180,1.96,"not reached
"
1528161552.7941391,-121.74788665,38.53757476,200,180,1.96,"not reached
"
1528161553.3390024,-121.74788665,38.53757476,200,180,1.96,"not reached
"
1528161553.8800716,-121.74788665,38.53757476,100,180,1.96,"not reached
"
1528161554.4249115,-121.74788665,38.53757476,100,162,1.96,"not reached
"
1528161554.9696457,-121.74788665,38.53757476,200,153,1.96,"not reached
"
1528161555.5144825,-121.74788665,38.53757476,200,153,1.96,"not reached
"
1528161556.0593238,-121.74788665,38.53757476,300,153,1.96,"not reached
"
1528161556.604116,-121.74788665,38.53757476,300,154,1.96,"not reached
"
1528161557.1489136,-121.74788665,38.53757476,500,155,1.96,"not reached
"
1528161557.6937413,-121.74788665,38.53757476,500,156,1.96,"not reached
"
1528161558.2384808,-121.74788665,38.53757476,100,159,1.96,"not reached
"
1528161558.7834337,-121.74788665,38.53757476,100,159,1.96,"not reached
"
1528161559.3234253,-121.74788665,38.53757476,100,159,1.96,"not reached
"
1528161559.8680627,-121.74788665,38.53757476,0,148,1.96,"not reached
"
1528161560.412942,-121.74788665,38.53757476,0,139,1.96,"not reached
"
1528161560.9577892,-121.74788665,38.53757476,0,137,1.96,"not reached
"
1528161561.5026085,-121.74788665,38.53757476,400,131,1.96,"not reached
"
1528161562.0476315,-121.74788665,38.53757476,1000,124,1.96,"not reached
"
1528161562.5923305,-121.74788665,38.53757476,1000,124,1.96,"not reached
"
1528161563.1369557,-121.74788665,38.53757476,800,124,1.96,"not reached
"
1528161563.6817708,-121.74788665,38.53757476,800,126,2.61,"not reached
"
1528161564.2266762,-121.74788665,38.53757476,1200,129,2.61,"not reached
"
1528161564.771445,-121.74788665,38.53757476,1400,136,2.61,"not reached
"
1528161565.3164883,-121.74788665,38.53757476,1400,150,2.61,"not reached
"
1528161565.8578355,-121.74788665,38.53757476,1400,153,2.61,"not reached
"
1528161566.4026713,-121.74788665,38.53757476,1000,143,4.56,"not reached
"
1528161566.9474015,-121.74788665,38.53757476,700,143,4.56,"not reached
"
1528161567.4921496,-121.74788665,38.53757476,700,139,4.56,"not reached
"
1528161568.036883,-121.74788665,38.53757476,500,128,4.56,"not reached
"
1528161568.58185,-121.74788665,38.53757476,500,111,4.56,"not reached
"
1528161569.1265395,-121.74788665,38.53757476,700,121,4.56,"not reached
"
1528161569.6714082,-121.74788665,38.53757476,700,138,4.56,"not reached
"
1528161570.2165756,-121.74788665,38.53757476,1700,144,4.56,"not reached
"
1528161570.7616372,-121.74788665,38.53757476,1700,171,4.56,"not reached
"
1528161571.3052354,-121.74788665,38.53757476,2000,167,4.56,"not reached
"
1528161571.8502977,-121.74788665,38.53757476,1500,-179,4.56,"not reached
"
1528161572.3915932,-121.74788665,38.53757476,1500,-158,4.56,"not reached
"
1528161572.9363153,-121.74788665,38.53757476,700,-157,5.21,"not reached
"
1528161573.4817142,-121.74788665,38.53757476,700,180,5.21,"not reached
"
1528161574.025875,-121.74788665,38.53757476,600,-171,5.21,"not reached
"
1528161574.5706186,-121.74788665,38.53757476,600,-159,5.21,"not reached
"
1528161575.115444,-121.74788665,38.53757476,400,-159,5.21,"not reached
"
1528161575.6605444,-121.74788665,38.53757476,400,-163,4.56,"not reached
"
1528161576.205492,-121.74788665,38.53757476,400,-156,4.56,"not reached
"
1528161576.745657,-121.74788665,38.53757476,600,-166,4.56,"not reached
"
1528161577.2915773,-121.74788665,38.53757476,600,-160,4.56,"not reached
"
1528161577.8363812,-121.74788665,38.53757476,600,-167,4.56,"not reached
"
1528161578.3810909,-121.74788665,38.53757476,600,-162,4.56,"not reached
"
1528161578.9258254,-121.74788665,38.53757476,400,-158,5.87,"not reached
"
1528161579.470731,-121.74788665,38.53757476,400,-145,5.87,"not reached
"
1528161580.0154738,-121.74788665,38.53757476,900,-135,5.87,"not reached
"
1528161580.560201,-121.74788665,38.53757476,900,-134,5.87,"not reached
"
1528161581.1040876,-121.74788665,38.53757476,700,-133,5.87,"not reached
"
1528161581.649149,-121.74788665,38.53757476,700,-127,5.87,"not reached
"
1528161582.190483,-121.74788665,38.53757476,200,-117,5.87,"not reached
"
1528161582.7352393,-121.74788665,38.53757476,200,-116,5.87,"not reached
"
1528161583.2798564,-121.74788665,38.53757476,300,-115,5.87,"not reached
"
1528161583.8249853,-121.74788665,38.53757476,3000,-122,5.87,"not reached
"
1528161584.3696773,-121.74788665,38.53757476,3000,-147,5.87,"not reached
"
1528161584.914171,-121.74788665,38.53757476,2500,-158,5.21,"not reached
"
1528161585.4589462,-121.74788665,38.53757476,2500,-167,5.21,"not reached
"
1528161586.0042868,-121.74788665,38.53757476,1900,180,5.21,"not reached
"
1528161586.5490036,-121.74788665,38.53757476,1900,142,5.21,"not reached
"
1528161587.0890265,-121.74788665,38.53757476,800,102,5.21,"not reached
"
1528161587.6336617,-121.74788665,38.53757476,800,81,5.21,"not reached
"
1528161588.178582,-121.74788665,38.53757476,1500,81,3.91,"not reached
"
1528161588.7233925,-121.74788665,38.53757476,1500,93,3.91,"not reached
"
1528161589.2682643,-121.74788665,38.53757476,2800,104,3.91,"not reached
"
1528161589.8130784,-121.74788665,38.53757476,4400,113,3.91,"not reached
"
1528161590.3579059,-121.74788665,38.53757476,4400,127,3.91,"not reached
"
1528161590.902625,-121.74788665,38.53757476,4400,129,4.56,"not reached
"
1528161591.4476755,-121.74788665,38.53757476,11900,121,4.56,"not reached
"
1528161591.992796,-121.74787139,38.53756713,14800,119,4.56,"not reached
"
1528161592.5378144,-121.74787139,38.53756713,14800,119,4.56,"not reached
"
1528161593.0825713,-121.74787139,38.53755950,13200,123,4.56,"not reached
"
1528161593.6263742,-121.74787139,38.53755950,13200,180,4.56,"not reached
"
1528161594.167975,-121.74786376,38.53755569,12700,168,3.91,"not reached
"
1528161594.7165537,-121.74785614,38.53754806,12700,-167,3.91,"not reached
"
1528161595.2616184,-121.74785614,38.53754806,10200,-130,3.91,"not reached
"
1528161595.802915,-121.74784851,38.53754425,10200,-136,3.91,"not reached
"
1528161596.3476439,-121.74784851,38.53754425,9300,-136,3.91,"not reached
"
1528161596.8925576,-121.74784088,38.53754043,8200,-135,3.91,"not reached
"
1528161597.4362228,-121.74784088,38.53754043,8200,-142,3.91,"not reached
"
1528161597.9813688,-121.74784088,38.53753662,6800,-146,3.91,"not reached
"
1528161598.526307,-121.74784088,38.53753662,6800,-146,3.91,"not reached
"
1528161599.6153917,-121.74784088,38.53753280,5000,-145,3.91,waypoint 2 reached!38.53752899
1528161600.1569157,-121.74784088,38.53752899,4300,-151,3.91,"not reached
"
1528161600.7014873,-121.74784088,38.53752899,4300,-151,3.91,"not reached
"
1528161601.2463548,-121.74784088,38.53752899,3600,-159,3.91,"not reached
"
1528161601.7912617,-121.74783325,38.53752517,2600,-160,3.91,"not reached
"
1528161602.3357878,-121.74783325,38.53752517,2600,-148,3.91,"not reached
"
1528161602.881037,-121.74783325,38.53752517,2000,-136,3.91,"not reached
"
1528161603.4250576,-121.74783325,38.53752517,2000,-135,3.26,"not reached
"
1528161603.9701266,-121.74783325,38.53752517,2200,-140,3.26,"not reached
"
1528161604.5151925,-121.74783325,38.53752517,2200,-179,3.26,"not reached
"
1528161605.056426,-121.74783325,38.53752517,1800,169,3.26,"not reached
"
1528161605.6012905,-121.74783325,38.53752517,1800,169,3.26,"not reached
"
1528161606.1460452,-121.74783325,38.53752136,1500,169,3.26,"not reached
"
1528161606.6907766,-121.74783325,38.53752136,1500,172,3.26,"not reached
"
1528161607.2345498,-121.74783325,38.53752136,1400,180,3.26,"not reached
"
1528161607.7794557,-121.74783325,38.53752136,1200,180,3.26,"not reached
"
1528161608.3207076,-121.74783325,38.53752136,1200,180,3.26,"not reached
"
1528161608.8653424,-121.74782562,38.53752136,900,180,3.26,"not reached
"
1528161609.410235,-121.74782562,38.53752136,900,-166,3.26,"not reached
"
1528161609.9550474,-121.74782562,38.53752136,400,-104,3.26,"not reached
"
1528161610.4997525,-121.74782562,38.53752136,400,-88,3.26,"not reached
"
1528161611.0446823,-121.74782562,38.53752136,1400,-95,3.26,"not reached
"
1528161611.5894918,-121.74782562,38.53752136,1400,-110,3.26,"not reached
"
1528161612.1342878,-121.74782562,38.53752136,1900,-112,2.61,"not reached
"
1528161612.679092,-121.74782562,38.53752136,1900,-112,2.61,"not reached
"
1528161613.2240536,-121.74782562,38.53752136,2300,-112,2.61,"not reached
"
1528161613.7690043,-121.74782562,38.53752136,3700,-113,2.61,"not reached
"
1528161614.3141792,-121.74782562,38.53752136,3700,-106,2.61,"not reached
"
1528161614.854186,-121.74782562,38.53752136,6500,-95,2.61,"not reached
"
1528161615.3989785,-121.74782562,38.53752136,6500,-92,3.26,"not reached
"
1528161615.943755,-121.74781799,38.53752136,6500,-83,3.26,"not reached
"
1528161616.488512,-121.74781799,38.53752136,8900,-73,3.26,"not reached
"
1528161617.0334187,-121.74781036,38.53752136,11500,-52,3.26,"not reached
"
1528161617.5781367,-121.74781036,38.53752136,11500,-38,3.26,"not reached
"
1528161618.1226041,-121.74780273,38.53752136,11700,-2,3.26,"not reached
"
1528161618.6675084,-121.74779510,38.53752136,11700,60,3.91,"not reached
"
1528161619.2124755,-121.74779510,38.53752136,12100,59,3.91,"not reached
"
1528161619.7538207,-121.74778747,38.53752517,12600,59,3.91,"not reached
"
1528161620.2985253,-121.74778747,38.53752517,12600,59,3.91,"not reached
"
1528161620.8434327,-121.74777221,38.53752899,12600,59,3.91,"not reached
"
1528161621.3881385,-121.74777221,38.53752899,12500,59,2.61,"not reached
"
1528161621.9329705,-121.74777221,38.53753280,12000,59,2.61,"not reached
"
1528161622.4776711,-121.74777221,38.53753280,12000,61,2.61,"not reached
"
1528161623.0224798,-121.74777221,38.53753662,10300,64,2.61,"not reached
"
1528161623.5672772,-121.74777221,38.53753662,10300,63,2.61,"not reached
"
1528161624.1122417,-121.74777221,38.53754425,11600,62,2.61,"not reached
"
1528161624.6523325,-121.74777221,38.53754806,11600,62,2.61,"not reached
"
1528161625.2024083,-121.74777221,38.53754806,12300,61,2.61,"not reached
"
1528161625.7424607,-121.74777221,38.53755187,12300,61,2.61,"not reached
"
1528161626.2871885,-121.74777221,38.53755187,12900,61,2.61,"not reached
"
1528161626.8318884,-121.74777221,38.53755950,12300,61,2.61,"not reached
"
1528161627.3766446,-121.74777221,38.53755950,12300,61,1.96,"not reached
"
1528161627.9215057,-121.74777221,38.53756332,11300,61,1.96,"not reached
"
1528161628.4662879,-121.74777221,38.53756332,11300,61,1.96,"not reached
"
1528161629.0111737,-121.74777221,38.53756713,10200,61,1.96,"not reached
"
1528161629.556012,-121.74777221,38.53756713,10200,61,1.96,"not reached
"
1528161630.097255,-121.74777221,38.53756713,9200,61,1.96,"not reached
"
1528161630.6419802,-121.74777221,38.53757095,9200,61,1.96,"not reached
"
1528161631.186769,-121.74777221,38.53757095,8100,61,1.96,"not reached
"
1528161631.7316606,-121.74777221,38.53757476,7700,61,1.96,"not reached
"
1528161632.2762852,-121.74777221,38.53757476,7700,61,1.96,"not reached
"
1528161632.8212028,-121.74777221,38.53757476,7000,61,1.96,"not reached
"
1528161633.3658028,-121.74777221,38.53757476,7000,60,1.96,"not reached
"
1528161633.9105608,-121.74777221,38.53758239,7000,47,1.30,"not reached
"
1528161634.455367,-121.74777221,38.53758239,7000,15,1.30,"not reached
"
1528161634.9954402,-121.74777221,38.53758239,7200,-1,1.30,"not reached
"
1528161635.5401723,-121.74777221,38.53758239,7200,-1,1.30,"not reached
"
1528161636.0851176,-121.74777221,38.53758621,7900,-1,1.30,"not reached
"
1528161636.6297514,-121.74777221,38.53759384,7900,23,1.30,"not reached
"
1528161637.1745815,-121.74777221,38.53759384,11100,67,1.30,"not reached
"
1528161637.7193801,-121.74777221,38.53759765,11100,81,1.30,"not reached
"
1528161638.264202,-121.74777221,38.53759765,14300,81,1.30,"not reached
"
1528161638.8088672,-121.74777221,38.53760147,16800,82,1.30,"not reached
"
1528161639.3536882,-121.74777221,38.53760147,16800,83,1.30,"not reached
"
1528161639.8986342,-121.74777221,38.53760910,17400,83,1.30,"not reached
"
1528161640.4435406,-121.74777221,38.53760910,17400,83,1.30,"not reached
"
1528161640.9884975,-121.74777221,38.53761672,17300,79,1.30,"not reached
"
1528161641.533557,-121.74777221,38.53761672,17300,-16,1.30,"not reached
"
1528161642.0786107,-121.74777221,38.53762435,16300,-55,1.30,"not reached
"
1528161642.6186755,-121.74777221,38.53762435,16300,-37,3.26,"not reached
"
1528161643.1635623,-121.74778747,38.53762817,17000,-80,3.26,"not reached
"
1528161643.7082112,-121.74778747,38.53763580,17000,-85,3.26,"not reached
"
1528161644.2531097,-121.74778747,38.53763580,17300,-100,3.26,"not reached
"
1528161644.7978954,-121.74779510,38.53763961,18100,-111,3.26,"not reached
"
1528161645.342692,-121.74779510,38.53763961,18100,-116,3.26,"not reached
"
1528161645.8877509,-121.74779510,38.53764343,18100,-118,5.87,"not reached
"
1528161646.4326892,-121.74779510,38.53764343,13000,-110,5.87,"not reached
"
1528161646.9778671,-121.74778747,38.53764343,14500,-108,5.87,"not reached
"
1528161647.521697,-121.74778747,38.53764343,14500,-100,5.87,"not reached
"
1528161648.0628579,-121.74778747,38.53764724,16200,-69,5.87,"not reached
"
1528161648.6076598,-121.74777221,38.53765487,16200,-50,5.87,"not reached
"
1528161649.1524441,-121.74777221,38.53765487,15000,-58,4.56,"not reached
"
1528161649.6971476,-121.74777221,38.53766250,15000,-59,4.56,"not reached
"
1528161650.241955,-121.74777221,38.53766250,15400,-61,4.56,"not reached
"
1528161650.7869403,-121.74778747,38.53766632,15400,-70,4.56,"not reached
"
1528161651.3317387,-121.74778747,38.53766632,13500,-72,4.56,"not reached
"
1528161652.4169977,-121.74778747,38.53767776,12900,-45,3.26,waypoint 3 reached!38.53767776
1528161652.9618337,-121.74778747,38.53768157,11800,-11,3.26,"not reached
"
1528161653.5064216,-121.74778747,38.53768157,11800,7,3.26,"not reached
"
1528161654.0513508,-121.74779510,38.53768539,10800,93,3.26,"not reached
"
1528161654.596112,-121.74779510,38.53768920,10800,88,3.26,"not reached
"
1528161655.1409624,-121.74779510,38.53768920,10300,110,3.26,"not reached
"
1528161655.6857307,-121.74780273,38.53768920,10300,147,3.26,"not reached
"
1528161656.230521,-121.74780273,38.53768920,11200,106,3.26,"not reached
"
1528161656.7754774,-121.74781036,38.53768920,15800,129,3.26,"not reached
"
1528161657.320452,-121.74781036,38.53768920,15800,139,3.26,"not reached
"
1528161657.8655736,-121.74781799,38.53768539,18500,142,5.21,"not reached
"
1528161658.4093053,-121.74781799,38.53768539,18500,138,5.21,"not reached
"
1528161658.950608,-121.74782562,38.53767776,15700,122,5.21,"not reached
"
1528161659.4954665,-121.74782562,38.53767776,15700,127,5.21,"not reached
"
1528161660.0402098,-121.74782562,38.53767013,11600,124,5.21,"not reached
"
1528161660.5849955,-121.74782562,38.53767013,11600,129,5.21,"not reached
"
1528161661.1297545,-121.74783325,38.53767013,13600,129,6.52,"not reached
"
1528161661.674685,-121.74784088,38.53767013,13600,128,6.52,"not reached
"
1528161662.2194793,-121.74784088,38.53767013,14200,128,6.52,"not reached
"
1528161662.7645278,-121.74784088,38.53766632,14600,130,6.52,"not reached
"
1528161663.3094835,-121.74784088,38.53766632,14600,130,6.52,"not reached
"
1528161663.85329,-121.74785614,38.53766250,14800,130,6.52,"not reached
"
1528161664.3988378,-121.74785614,38.53766250,14800,131,4.56,"not reached
"
1528161664.939821,-121.74785614,38.53766250,14800,131,4.56,"not reached
"
1528161665.484668,-121.74785614,38.53766250,14800,129,4.56,"not reached
"
1528161666.0288725,-121.74786376,38.53765487,14800,130,4.56,"not reached
"
1528161666.5737176,-121.74786376,38.53765487,14800,136,4.56,"not reached
"
1528161667.1184812,-121.74787139,38.53765487,14200,134,3.91,"not reached
"
1528161667.6634245,-121.74787902,38.53765487,14200,142,3.91,"not reached
"
1528161668.208385,-121.74787902,38.53765487,13200,143,3.91,"not reached
"
1528161668.7534657,-121.74788665,38.53765106,13200,132,3.91,"not reached
"
1528161669.293521,-121.74788665,38.53765106,11400,132,3.91,"not reached
"
1528161669.838125,-121.74788665,38.53765487,9700,132,3.91,"not reached
"
1528161670.3829281,-121.74788665,38.53765487,9700,131,3.26,"not reached
"
1528161670.9277248,-121.74789428,38.53765487,9700,133,3.26,"not reached
"
1528161671.472523,-121.74789428,38.53765487,8800,133,3.26,"not reached
"
1528161672.0173259,-121.74789428,38.53765487,7800,133,3.26,"not reached
"
1528161672.5623477,-121.74789428,38.53765487,7800,133,3.26,"not reached
"
1528161673.1070714,-121.74790191,38.53765487,7800,132,3.26,"not reached
"
1528161673.6520965,-121.74790191,38.53765487,7800,132,3.26,"not reached
"
1528161674.1928587,-121.74790191,38.53765487,8000,132,3.26,"not reached
"
1528161674.7374268,-121.74790954,38.53765487,8000,132,3.26,"not reached
"
1528161675.2822614,-121.74790954,38.53765487,8100,131,3.26,"not reached
"
1528161675.8269458,-121.74790954,38.53765487,8100,121,3.26,"not reached
"
1528161676.37167,-121.74790954,38.53765487,8800,118,1.96,"not reached
"
1528161676.91645,-121.74791717,38.53765487,9600,124,1.96,"not reached
"
1528161677.4612832,-121.74791717,38.53765487,9600,142,1.96,"not reached
"
1528161678.0061336,-121.74792480,38.53765487,11400,139,1.96,"not reached
"
1528161678.5510874,-121.74792480,38.53765487,11400,132,1.96,"not reached
"
1528161679.0960581,-121.74793243,38.53765487,12200,134,1.96,"not reached
"
1528161679.6412597,-121.74793243,38.53765487,12200,128,2.61,"not reached
"
1528161680.1849017,-121.74793243,38.53765487,11300,128,2.61,"not reached
"
1528161680.7276003,-121.74794769,38.53765487,11300,128,2.61,"not reached
"
1528161681.2710228,-121.74794769,38.53765487,10800,128,2.61,"not reached
"
1528161681.8158348,-121.74795532,38.53765487,10300,128,2.61,"not reached
"
1528161682.360521,-121.74795532,38.53765487,10300,128,2.61,"not reached
"
1528161682.905336,-121.74796295,38.53765487,10100,129,2.61,"not reached
"
1528161683.4502723,-121.74796295,38.53765487,10100,129,2.61,"not reached
"
1528161683.9952083,-121.74796295,38.53765487,10800,128,2.61,"not reached
"
1528161684.5400248,-121.74796295,38.53765487,10800,128,2.61,"not reached
"
1528161685.0849612,-121.74797058,38.53765487,11500,127,2.61,"not reached
"
1528161685.625292,-121.74797821,38.53765487,11500,121,3.26,"not reached
"
1528161686.1736846,-121.74797821,38.53765487,12000,120,3.26,"not reached
"
1528161686.7150216,-121.74798583,38.53765487,12000,120,3.26,"not reached
"
1528161687.259887,-121.74798583,38.53765487,12500,120,3.26,"not reached
"
1528161687.804658,-121.74798583,38.53765106,12800,120,3.26,"not reached
"
1528161688.3493192,-121.74798583,38.53765106,12800,120,2.61,"not reached
"
1528161688.8937469,-121.74800109,38.53765106,12700,120,2.61,"not reached
"
1528161689.4387016,-121.74800109,38.53765106,12700,119,2.61,"not reached
"
1528161689.9836493,-121.74800109,38.53765106,12600,118,2.61,"not reached
"
1528161690.5289059,-121.74800109,38.53765106,12600,117,2.61,"not reached
"
1528161691.614142,-121.74801635,38.53765106,12900,117,2.61,waypoint 1 reached!38.53765106
1528161692.1589274,-121.74801635,38.53765106,11600,117,2.61,"not reached
"
1528161692.7036529,-121.74802398,38.53764724,11600,117,2.61,"not reached
"
1528161693.2483704,-121.74802398,38.53764724,7700,120,2.61,"not reached
"
1528161693.793245,-121.74802398,38.53764343,6300,130,2.61,"not reached
"
1528161694.338005,-121.74802398,38.53764343,6300,151,2.61,"not reached
"
1528161694.8828728,-121.74802398,38.53763961,5000,162,1.96,"not reached
"
1528161695.4281466,-121.74802398,38.53763961,5000,162,1.96,"not reached
"
1528161695.9682584,-121.74802398,38.53763961,5000,162,1.96,"not reached
"
1528161696.5128925,-121.74802398,38.53763961,4300,163,1.96,"not reached
"
1528161697.0577667,-121.74802398,38.53763580,4100,164,1.96,"not reached
"
1528161697.6025443,-121.74802398,38.53763198,4100,166,2.61,"not reached
"
1528161698.1471837,-121.74802398,38.53763198,3700,165,2.61,"not reached
"
1528161698.6920056,-121.74802398,38.53763198,3700,165,2.61,"not reached
"
1528161699.2368588,-121.74802398,38.53763198,3400,165,2.61,"not reached
"
1528161699.7815733,-121.74802398,38.53763198,2600,165,2.61,"not reached
"
1528161700.326596,-121.74802398,38.53763198,2600,165,2.61,"not reached
"
1528161700.867926,-121.74801635,38.53763198,2600,165,2.61,"not reached
"
1528161701.4127645,-121.74801635,38.53763198,2300,164,2.61,"not reached
"
1528161701.957522,-121.74801635,38.53762817,2400,163,2.61,"not reached
"
1528161702.502233,-121.74801635,38.53762817,2400,163,2.61,"not reached
"
1528161703.047002,-121.74801635,38.53762817,2400,163,2.61,"not reached
"
1528161703.5918279,-121.74801635,38.53762817,2400,163,1.96,"not reached
"
1528161704.1365106,-121.74801635,38.53762817,2500,163,1.96,"not reached
"
1528161704.6814024,-121.74801635,38.53762817,2500,163,1.96,"not reached
"
1528161705.2262661,-121.74801635,38.53762817,2800,163,1.96,"not reached
"
1528161705.7700593,-121.74801635,38.53762435,2800,155,1.96,"not reached
"
1528161706.3113892,-121.74801635,38.53762435,3100,151,1.96,"not reached
"
1528161706.8562367,-121.74801635,38.53762435,4000,152,1.30,"not reached
"
1528161707.4013784,-121.74801635,38.53762435,4000,151,1.30,"not reached
"
1528161707.9461346,-121.74801635,38.53762435,4200,152,1.30,"not reached
"
1528161708.4909325,-121.74801635,38.53762435,4200,152,1.30,"not reached
"
1528161709.0358129,-121.74801635,38.53762054,3600,152,1.30,"not reached
"
1528161709.5805435,-121.74801635,38.53762054,3600,144,1.30,"not reached
"
1528161710.1253467,-121.74801635,38.53761672,3200,127,1.96,"not reached
"
1528161710.670119,-121.74801635,38.53761672,3200,125,1.96,"not reached
"
1528161711.214251,-121.74801635,38.53761672,3400,124,1.96,"not reached
"
1528161711.7553082,-121.74801635,38.53761672,3400,120,1.96,"not reached
"
1528161712.3038135,-121.74801635,38.53761672,4100,119,1.96,"not reached
"
1528161712.845132,-121.74801635,38.53761672,6100,120,1.30,"not reached
"
1528161713.3897443,-121.74801635,38.53761672,6100,144,1.30,"not reached
"
1528161713.9345875,-121.74802398,38.53761291,8000,141,1.30,"not reached
"
1528161714.479464,-121.74802398,38.53761291,8000,140,1.30,"not reached
"
1528161715.0243685,-121.74803161,38.53761291,8700,145,1.30,"not reached
"
1528161715.5686862,-121.74803161,38.53761291,8700,143,1.30,"not reached
"
1528161716.1138887,-121.74803161,38.53760910,8700,132,3.26,"not reached
"
1528161716.6539493,-121.74803161,38.53760528,8700,137,3.26,"not reached
"
1528161717.2024798,-121.74803161,38.53760528,8500,143,3.26,"not reached
"
1528161717.744419,-121.74803924,38.53760147,8500,136,3.26,"not reached
"
1528161718.2891524,-121.74803924,38.53760147,9800,135,3.26,"not reached
"
1528161718.837763,-121.74803924,38.53759765,10600,141,3.26,"not reached
"
1528161719.3778112,-121.74803924,38.53759765,10600,144,3.26,"not reached
"
1528161719.9225109,-121.74804687,38.53759384,11600,141,3.26,"not reached
"
1528161720.4673197,-121.74804687,38.53759384,11600,151,3.26,"not reached
"
1528161721.0129504,-121.74805450,38.53758621,11600,156,3.26,"not reached
"
1528161721.5568094,-121.74805450,38.53758621,10700,156,3.26,"not reached
"
1528161722.1018126,-121.74805450,38.53758239,9700,156,3.91,"not reached
"
1528161722.643134,-121.74806213,38.53758239,9700,156,3.91,"not reached
"
1528161723.1879969,-121.74806213,38.53758239,8000,152,3.91,"not reached
"
1528161723.733538,-121.74806213,38.53757476,8000,147,3.91,"not reached
"
1528161724.2779734,-121.74806213,38.53757476,7800,147,3.91,"not reached
"
1528161724.8226292,-121.74806213,38.53757476,7200,147,3.91,"not reached
"
1528161725.3676178,-121.74806213,38.53757476,7200,147,3.26,"not reached
"
1528161725.9121895,-121.74806976,38.53757095,7200,148,3.26,"not reached
"
1528161726.4568596,-121.74806976,38.53757095,6800,147,3.26,"not reached
"
1528161727.0020852,-121.74806976,38.53757095,6100,147,3.26,"not reached
"
1528161727.5454488,-121.74806976,38.53757095,6100,146,3.26,"not reached
"
1528161728.090516,-121.74806976,38.53756713,6000,147,2.61,"not reached
"
1528161728.6317883,-121.74806976,38.53756713,6000,147,2.61,"not reached
"
1528161729.1763813,-121.74806976,38.53756332,5500,147,2.61,"not reached
"
1528161729.721287,-121.74806976,38.53755950,5500,146,2.61,"not reached
"
1528161730.2668083,-121.74806976,38.53755950,5300,146,2.61,"not reached
"
1528161730.8108854,-121.74806976,38.53755950,5300,146,2.61,"not reached
"
1528161731.3557904,-121.74806976,38.53755950,5200,146,1.96,"not reached
"
1528161731.9006252,-121.74806976,38.53755950,5100,146,1.96,"not reached
"
1528161732.4455378,-121.74806976,38.53755950,5100,146,1.96,"not reached
"
1528161732.9912868,-121.74807739,38.53755569,5400,146,1.96,"not reached
"
1528161733.530194,-121.74807739,38.53755569,5400,146,1.96,"not reached
"
1528161734.075448,-121.74807739,38.53755569,5700,146,1.30,"not reached
"
1528161734.620451,-121.74807739,38.53755569,5700,146,1.30,"not reached
"
1528161735.1649995,-121.74807739,38.53755187,6300,148,1.30,"not reached
"
1528161735.7095897,-121.74807739,38.53755187,6300,146,1.30,"not reached
"
1528161736.2545822,-121.74807739,38.53755187,6000,146,1.30,"not reached
"
1528161736.7988718,-121.74807739,38.53755187,5100,149,1.30,"not reached
"
1528161737.343804,-121.74807739,38.53755187,5100,154,1.30,"not reached
"
1528161737.8888261,-121.74807739,38.53754806,4900,154,1.30,"not reached
"
1528161738.4338849,-121.74807739,38.53754806,4900,154,1.30,"not reached
"
1528161738.9752011,-121.74807739,38.53754806,4400,154,1.30,"not reached
"
1528161739.5199897,-121.74807739,38.53754806,4400,154,1.30,"not reached
"
1528161740.0646389,-121.74807739,38.53754425,4400,154,1.30,"not reached
"
1528161740.6093843,-121.74807739,38.53754043,4400,153,1.30,"not reached
"
1528161741.154063,-121.74807739,38.53754043,4700,154,1.30,"not reached
"
1528161741.6990077,-121.74807739,38.53753662,4700,153,1.30,"not reached
"
1528161742.2426744,-121.74807739,38.53753662,4900,152,1.30,"not reached
"
1528161742.7876241,-121.74807739,38.53753662,4300,152,1.30,"not reached
"
1528161743.3289318,-121.74807739,38.53753662,4300,150,1.30,"not reached
"
1528161743.8736548,-121.74807739,38.53753280,4500,143,1.30,"not reached
"
1528161744.418449,-121.74807739,38.53753280,4500,133,1.30,"not reached
"
1528161744.9632542,-121.74807739,38.53753280,4600,132,1.30,"not reached
"
1528161745.5081406,-121.74807739,38.53753280,4600,133,1.30,"not reached
"
1528161746.0528333,-121.74808502,38.53752899,5800,133,1.30,"not reached
"
1528161746.5975187,-121.74808502,38.53752899,5800,133,1.30,"not reached
"
1528161747.1424491,-121.74808502,38.53752899,5800,133,1.30,"not reached
"
1528161747.6871204,-121.74808502,38.53752517,5800,133,1.30,"not reached
"
1528161748.232077,-121.74808502,38.53752517,5800,140,1.30,"not reached
"
1528161748.7773046,-121.74808502,38.53752136,5500,141,1.30,"not reached
"
1528161749.3216367,-121.74808502,38.53752136,5500,144,1.30,"not reached
"
1528161749.8628235,-121.74808502,38.53752136,5500,143,1.30,"not reached
"
1528161750.4076087,-121.74808502,38.53752136,5500,144,1.30,"not reached
"
1528161750.9524271,-121.74808502,38.53752136,5500,144,1.30,"not reached
"
1528161751.4971035,-121.74808502,38.53752136,5500,143,1.30,"not reached
"
1528161752.0419478,-121.74809265,38.53751754,5400,144,1.30,"not reached
"
1528161752.5865722,-121.74809265,38.53751754,5400,144,1.30,"not reached
"
1528161753.1315963,-121.74809265,38.53751373,6100,143,1.30,"not reached
"
1528161753.6761749,-121.74808502,38.53751373,6100,143,1.30,"not reached
"
1528161754.2210991,-121.74808502,38.53751373,4900,143,1.30,"not reached
"
1528161754.7648401,-121.74808502,38.53750610,4900,143,1.30,"not reached
"
1528161755.3061655,-121.74808502,38.53750610,4900,143,1.30,"not reached
"
1528161755.851027,-121.74808502,38.53750610,4900,143,1.30,"not reached
"
1528161756.3958197,-121.74808502,38.53750610,4400,143,1.30,"not reached
"
1528161756.9405258,-121.74808502,38.53750228,4300,143,1.30,"not reached
"
1528161757.485351,-121.74808502,38.53750228,4300,143,1.30,"not reached
"
1528161758.030174,-121.74808502,38.53750228,4000,143,1.30,"not reached
"
1528161758.5748198,-121.74808502,38.53750228,4000,143,1.30,"not reached
"
1528161759.119819,-121.74808502,38.53750228,3400,143,1.30,"not reached
"
1528161759.6646652,-121.74808502,38.53749847,3400,143,1.30,"not reached
"
1528161760.2079673,-121.74808502,38.53749847,2900,143,1.30,"not reached
"
1528161760.7481651,-121.74808502,38.53749465,2900,143,1.30,"not reached
"
1528161761.2919083,-121.74808502,38.53749465,3000,143,1.30,"not reached
"
1528161761.8354423,-121.74808502,38.53749465,2800,143,0.65,"not reached
"
1528161762.3791924,-121.74808502,38.53749465,2800,143,0.65,"not reached
"
